Eval_AverageReturn,Eval_StdReturn,Eval_MaxReturn,Eval_MinReturn,Eval_AverageEpLen,step,Train_EpisodeReturn,Train_EpisodeLen,actor_loss,entropy,critic_loss,q_values,target_values,alpha,alpha_loss,actor_lr,critic_lr,temperature
8.1,5.4120235,18.0,3.0,8.1,0,,,,,,,,,,,,
,,,,,4,5.0,5,,,,,,,,,,
,,,,,8,4.0,4,,,,,,,,,,
,,,,,16,8.0,8,,,,,,,,,,
,,,,,20,4.0,4,,,,,,,,,,
,,,,,23,3.0,3,,,,,,,,,,
,,,,,27,4.0,4,,,,,,,,,,
,,,,,31,4.0,4,,,,,,,,,,
,,,,,34,3.0,3,,,,,,,,,,
,,,,,40,6.0,6,,,,,,,,,,
,,,,,44,4.0,4,,,,,,,,,,
,,,,,53,9.0,9,,,,,,,,,,
,,,,,56,3.0,3,,,,,,,,,,
,,,,,60,4.0,4,,,,,,,,,,
,,,,,63,3.0,3,,,,,,,,,,
,,,,,67,4.0,4,,,,,,,,,,
,,,,,86,19.0,19,,,,,,,,,,
,,,,,90,4.0,4,,,,,,,,,,
,,,,,104,14.0,14,,,,,,,,,,
,,,,,107,3.0,3,,,,,,,,,,
,,,,,111,4.0,4,,,,,,,,,,
,,,,,114,3.0,3,,,,,,,,,,
,,,,,121,7.0,7,,,,,,,,,,
,,,,,125,4.0,4,,,,,,,,,,
,,,,,129,4.0,4,,,,,,,,,,
,,,,,133,4.0,4,,,,,,,,,,
,,,,,136,3.0,3,,,,,,,,,,
,,,,,140,4.0,4,,,,,,,,,,
,,,,,145,5.0,5,,,,,,,,,,
,,,,,152,7.0,7,,,,,,,,,,
,,,,,159,7.0,7,,,,,,,,,,
,,,,,163,4.0,4,,,,,,,,,,
,,,,,167,4.0,4,,,,,,,,,,
,,,,,176,9.0,9,,,,,,,,,,
,,,,,180,4.0,4,,,,,,,,,,
,,,,,183,3.0,3,,,,,,,,,,
,,,,,193,10.0,10,,,,,,,,,,
,,,,,203,10.0,10,,,,,,,,,,
,,,,,214,11.0,11,,,,,,,,,,
,,,,,218,4.0,4,,,,,,,,,,
,,,,,221,3.0,3,,,,,,,,,,
,,,,,227,6.0,6,,,,,,,,,,
,,,,,230,3.0,3,,,,,,,,,,
,,,,,238,8.0,8,,,,,,,,,,
,,,,,242,4.0,4,,,,,,,,,,
,,,,,247,5.0,5,,,,,,,,,,
,,,,,250,3.0,3,,,,,,,,,,
,,,,,261,11.0,11,,,,,,,,,,
,,,,,269,8.0,8,,,,,,,,,,
,,,,,272,3.0,3,,,,,,,,,,
,,,,,279,7.0,7,,,,,,,,,,
,,,,,282,3.0,3,,,,,,,,,,
,,,,,287,5.0,5,,,,,,,,,,
,,,,,292,5.0,5,,,,,,,,,,
,,,,,296,4.0,4,,,,,,,,,,
,,,,,305,9.0,9,,,,,,,,,,
,,,,,308,3.0,3,,,,,,,,,,
,,,,,315,7.0,7,,,,,,,,,,
,,,,,321,6.0,6,,,,,,,,,,
,,,,,329,8.0,8,,,,,,,,,,
,,,,,345,16.0,16,,,,,,,,,,
,,,,,350,5.0,5,,,,,,,,,,
,,,,,354,4.0,4,,,,,,,,,,
,,,,,370,16.0,16,,,,,,,,,,
,,,,,376,6.0,6,,,,,,,,,,
,,,,,383,7.0,7,,,,,,,,,,
,,,,,393,10.0,10,,,,,,,,,,
,,,,,401,8.0,8,,,,,,,,,,
,,,,,407,6.0,6,,,,,,,,,,
,,,,,413,6.0,6,,,,,,,,,,
,,,,,418,5.0,5,,,,,,,,,,
,,,,,423,5.0,5,,,,,,,,,,
,,,,,430,7.0,7,,,,,,,,,,
,,,,,436,6.0,6,,,,,,,,,,
,,,,,441,5.0,5,,,,,,,,,,
,,,,,446,5.0,5,,,,,,,,,,
,,,,,449,3.0,3,,,,,,,,,,
,,,,,463,14.0,14,,,,,,,,,,
,,,,,471,8.0,8,,,,,,,,,,
,,,,,476,5.0,5,,,,,,,,,,
,,,,,480,4.0,4,,,,,,,,,,
,,,,,484,4.0,4,,,,,,,,,,
,,,,,488,4.0,4,,,,,,,,,,
,,,,,492,4.0,4,,,,,,,,,,
,,,,,496,4.0,4,,,,,,,,,,
,,,,,499,3.0,3,,,,,,,,,,
,,,,,505,6.0,6,,,,,,,,,,
,,,,,514,9.0,9,,,,,,,,,,
,,,,,523,9.0,9,,,,,,,,,,
,,,,,528,5.0,5,,,,,,,,,,
,,,,,531,3.0,3,,,,,,,,,,
,,,,,534,3.0,3,,,,,,,,,,
,,,,,537,3.0,3,,,,,,,,,,
,,,,,540,3.0,3,,,,,,,,,,
,,,,,553,13.0,13,,,,,,,,,,
,,,,,564,11.0,11,,,,,,,,,,
,,,,,584,20.0,20,,,,,,,,,,
,,,,,590,6.0,6,,,,,,,,,,
,,,,,594,4.0,4,,,,,,,,,,
,,,,,600,6.0,6,,,,,,,,,,
,,,,,607,7.0,7,,,,,,,,,,
,,,,,624,17.0,17,,,,,,,,,,
,,,,,627,3.0,3,,,,,,,,,,
,,,,,632,5.0,5,,,,,,,,,,
,,,,,635,3.0,3,,,,,,,,,,
,,,,,640,5.0,5,,,,,,,,,,
,,,,,644,4.0,4,,,,,,,,,,
,,,,,650,6.0,6,,,,,,,,,,
,,,,,655,5.0,5,,,,,,,,,,
,,,,,659,4.0,4,,,,,,,,,,
,,,,,668,9.0,9,,,,,,,,,,
,,,,,677,9.0,9,,,,,,,,,,
,,,,,680,3.0,3,,,,,,,,,,
,,,,,684,4.0,4,,,,,,,,,,
,,,,,687,3.0,3,,,,,,,,,,
,,,,,700,13.0,13,,,,,,,,,,
,,,,,703,3.0,3,,,,,,,,,,
,,,,,706,3.0,3,,,,,,,,,,
,,,,,716,10.0,10,,,,,,,,,,
,,,,,720,4.0,4,,,,,,,,,,
,,,,,726,6.0,6,,,,,,,,,,
,,,,,736,10.0,10,,,,,,,,,,
,,,,,749,13.0,13,,,,,,,,,,
,,,,,753,4.0,4,,,,,,,,,,
,,,,,762,9.0,9,,,,,,,,,,
,,,,,768,6.0,6,,,,,,,,,,
,,,,,774,6.0,6,,,,,,,,,,
,,,,,780,6.0,6,,,,,,,,,,
,,,,,783,3.0,3,,,,,,,,,,
,,,,,789,6.0,6,,,,,,,,,,
,,,,,792,3.0,3,,,,,,,,,,
,,,,,795,3.0,3,,,,,,,,,,
,,,,,805,10.0,10,,,,,,,,,,
,,,,,812,7.0,7,,,,,,,,,,
,,,,,818,6.0,6,,,,,,,,,,
,,,,,828,10.0,10,,,,,,,,,,
,,,,,835,7.0,7,,,,,,,,,,
,,,,,845,10.0,10,,,,,,,,,,
,,,,,855,10.0,10,,,,,,,,,,
,,,,,859,4.0,4,,,,,,,,,,
,,,,,863,4.0,4,,,,,,,,,,
,,,,,875,12.0,12,,,,,,,,,,
,,,,,884,9.0,9,,,,,,,,,,
,,,,,890,6.0,6,,,,,,,,,,
,,,,,893,3.0,3,,,,,,,,,,
,,,,,901,8.0,8,,,,,,,,,,
,,,,,907,6.0,6,,,,,,,,,,
,,,,,910,3.0,3,,,,,,,,,,
,,,,,914,4.0,4,,,,,,,,,,
,,,,,919,5.0,5,,,,,,,,,,
,,,,,922,3.0,3,,,,,,,,,,
,,,,,925,3.0,3,,,,,,,,,,
,,,,,931,6.0,6,,,,,,,,,,
,,,,,935,4.0,4,,,,,,,,,,
,,,,,939,4.0,4,,,,,,,,,,
,,,,,943,4.0,4,,,,,,,,,,
,,,,,952,9.0,9,,,,,,,,,,
,,,,,958,6.0,6,,,,,,,,,,
,,,,,961,3.0,3,,,,,,,,,,
,,,,,967,6.0,6,,,,,,,,,,
,,,,,972,5.0,5,,,,,,,,,,
,,,,,976,4.0,4,,,,,,,,,,
,,,,,979,3.0,3,,,,,,,,,,
,,,,,997,18.0,18,,,,,,,,,,
,,,,,1000,3.0,3,,,,,,,,,,
,,,,,1012,12.0,12,,,,,,,,,,
,,,,,1017,5.0,5,,,,,,,,,,
,,,,,1023,6.0,6,,,,,,,,,,
,,,,,1031,8.0,8,,,,,,,,,,
,,,,,1037,6.0,6,,,,,,,,,,
,,,,,1048,11.0,11,,,,,,,,,,
,,,,,1062,14.0,14,,,,,,,,,,
,,,,,1066,4.0,4,,,,,,,,,,
,,,,,1072,6.0,6,,,,,,,,,,
,,,,,1075,3.0,3,,,,,,,,,,
,,,,,1079,4.0,4,,,,,,,,,,
,,,,,1096,17.0,17,,,,,,,,,,
,,,,,1100,4.0,4,,,,,,,,,,
,,,,,1103,3.0,3,,,,,,,,,,
,,,,,1110,7.0,7,,,,,,,,,,
,,,,,1117,7.0,7,,,,,,,,,,
,,,,,1121,4.0,4,,,,,,,,,,
,,,,,1125,4.0,4,,,,,,,,,,
,,,,,1136,11.0,11,,,,,,,,,,
,,,,,1139,3.0,3,,,,,,,,,,
,,,,,1142,3.0,3,,,,,,,,,,
,,,,,1145,3.0,3,,,,,,,,,,
,,,,,1152,7.0,7,,,,,,,,,,
,,,,,1155,3.0,3,,,,,,,,,,
,,,,,1158,3.0,3,,,,,,,,,,
,,,,,1162,4.0,4,,,,,,,,,,
,,,,,1167,5.0,5,,,,,,,,,,
,,,,,1170,3.0,3,,,,,,,,,,
,,,,,1173,3.0,3,,,,,,,,,,
,,,,,1177,4.0,4,,,,,,,,,,
,,,,,1186,9.0,9,,,,,,,,,,
,,,,,1195,9.0,9,,,,,,,,,,
,,,,,1205,10.0,10,,,,,,,,,,
,,,,,1216,11.0,11,,,,,,,,,,
,,,,,1230,14.0,14,,,,,,,,,,
,,,,,1246,16.0,16,,,,,,,,,,
,,,,,1257,11.0,11,,,,,,,,,,
,,,,,1261,4.0,4,,,,,,,,,,
,,,,,1265,4.0,4,,,,,,,,,,
,,,,,1271,6.0,6,,,,,,,,,,
,,,,,1278,7.0,7,,,,,,,,,,
,,,,,1282,4.0,4,,,,,,,,,,
,,,,,1287,5.0,5,,,,,,,,,,
,,,,,1292,5.0,5,,,,,,,,,,
,,,,,1296,4.0,4,,,,,,,,,,
,,,,,1304,8.0,8,,,,,,,,,,
,,,,,1308,4.0,4,,,,,,,,,,
,,,,,1317,9.0,9,,,,,,,,,,
,,,,,1322,5.0,5,,,,,,,,,,
,,,,,1325,3.0,3,,,,,,,,,,
,,,,,1330,5.0,5,,,,,,,,,,
,,,,,1338,8.0,8,,,,,,,,,,
,,,,,1345,7.0,7,,,,,,,,,,
,,,,,1357,12.0,12,,,,,,,,,,
,,,,,1360,3.0,3,,,,,,,,,,
,,,,,1363,3.0,3,,,,,,,,,,
,,,,,1368,5.0,5,,,,,,,,,,
,,,,,1372,4.0,4,,,,,,,,,,
,,,,,1377,5.0,5,,,,,,,,,,
,,,,,1381,4.0,4,,,,,,,,,,
,,,,,1394,13.0,13,,,,,,,,,,
,,,,,1397,3.0,3,,,,,,,,,,
,,,,,1402,5.0,5,,,,,,,,,,
,,,,,1405,3.0,3,,,,,,,,,,
,,,,,1413,8.0,8,,,,,,,,,,
,,,,,1417,4.0,4,,,,,,,,,,
,,,,,1424,7.0,7,,,,,,,,,,
,,,,,1439,15.0,15,,,,,,,,,,
,,,,,1444,5.0,5,,,,,,,,,,
,,,,,1449,5.0,5,,,,,,,,,,
,,,,,1457,8.0,8,,,,,,,,,,
,,,,,1467,10.0,10,,,,,,,,,,
,,,,,1470,3.0,3,,,,,,,,,,
,,,,,1475,5.0,5,,,,,,,,,,
,,,,,1486,11.0,11,,,,,,,,,,
,,,,,1494,8.0,8,,,,,,,,,,
,,,,,1498,4.0,4,,,,,,,,,,
,,,,,1504,6.0,6,,,,,,,,,,
,,,,,1516,12.0,12,,,,,,,,,,
,,,,,1519,3.0,3,,,,,,,,,,
,,,,,1523,4.0,4,,,,,,,,,,
,,,,,1537,14.0,14,,,,,,,,,,
,,,,,1544,7.0,7,,,,,,,,,,
,,,,,1547,3.0,3,,,,,,,,,,
,,,,,1561,14.0,14,,,,,,,,,,
,,,,,1567,6.0,6,,,,,,,,,,
,,,,,1572,5.0,5,,,,,,,,,,
,,,,,1575,3.0,3,,,,,,,,,,
,,,,,1584,9.0,9,,,,,,,,,,
,,,,,1588,4.0,4,,,,,,,,,,
,,,,,1592,4.0,4,,,,,,,,,,
,,,,,1595,3.0,3,,,,,,,,,,
,,,,,1601,6.0,6,,,,,,,,,,
,,,,,1606,5.0,5,,,,,,,,,,
,,,,,1610,4.0,4,,,,,,,,,,
,,,,,1624,14.0,14,,,,,,,,,,
,,,,,1640,16.0,16,,,,,,,,,,
,,,,,1645,5.0,5,,,,,,,,,,
,,,,,1650,5.0,5,,,,,,,,,,
,,,,,1655,5.0,5,,,,,,,,,,
,,,,,1660,5.0,5,,,,,,,,,,
,,,,,1671,11.0,11,,,,,,,,,,
,,,,,1677,6.0,6,,,,,,,,,,
,,,,,1686,9.0,9,,,,,,,,,,
,,,,,1690,4.0,4,,,,,,,,,,
,,,,,1695,5.0,5,,,,,,,,,,
,,,,,1704,9.0,9,,,,,,,,,,
,,,,,1709,5.0,5,,,,,,,,,,
,,,,,1717,8.0,8,,,,,,,,,,
,,,,,1729,12.0,12,,,,,,,,,,
,,,,,1744,15.0,15,,,,,,,,,,
,,,,,1749,5.0,5,,,,,,,,,,
,,,,,1752,3.0,3,,,,,,,,,,
,,,,,1757,5.0,5,,,,,,,,,,
,,,,,1760,3.0,3,,,,,,,,,,
,,,,,1767,7.0,7,,,,,,,,,,
,,,,,1780,13.0,13,,,,,,,,,,
,,,,,1786,6.0,6,,,,,,,,,,
,,,,,1790,4.0,4,,,,,,,,,,
,,,,,1794,4.0,4,,,,,,,,,,
,,,,,1798,4.0,4,,,,,,,,,,
,,,,,1805,7.0,7,,,,,,,,,,
,,,,,1810,5.0,5,,,,,,,,,,
,,,,,1813,3.0,3,,,,,,,,,,
,,,,,1821,8.0,8,,,,,,,,,,
,,,,,1843,22.0,22,,,,,,,,,,
,,,,,1846,3.0,3,,,,,,,,,,
,,,,,1849,3.0,3,,,,,,,,,,
,,,,,1853,4.0,4,,,,,,,,,,
,,,,,1860,7.0,7,,,,,,,,,,
,,,,,1866,6.0,6,,,,,,,,,,
,,,,,1878,12.0,12,,,,,,,,,,
,,,,,1883,5.0,5,,,,,,,,,,
,,,,,1887,4.0,4,,,,,,,,,,
,,,,,1891,4.0,4,,,,,,,,,,
,,,,,1894,3.0,3,,,,,,,,,,
,,,,,1897,3.0,3,,,,,,,,,,
,,,,,1901,4.0,4,,,,,,,,,,
,,,,,1911,10.0,10,,,,,,,,,,
,,,,,1919,8.0,8,,,,,,,,,,
,,,,,1925,6.0,6,,,,,,,,,,
,,,,,1930,5.0,5,,,,,,,,,,
,,,,,1935,5.0,5,,,,,,,,,,
,,,,,1945,10.0,10,,,,,,,,,,
,,,,,1953,8.0,8,,,,,,,,,,
,,,,,1961,8.0,8,,,,,,,,,,
,,,,,1970,9.0,9,,,,,,,,,,
,,,,,1973,3.0,3,,,,,,,,,,
,,,,,1980,7.0,7,,,,,,,,,,
,,,,,1992,12.0,12,,,,,,,,,,
,,,,,1996,4.0,4,,,,,,,,,,
,,,,,2000,4.0,4,,,,,,,,,,
,,,,,2004,4.0,4,,,,,,,,,,
,,,,,2013,9.0,9,,,,,,,,,,
,,,,,2021,8.0,8,,,,,,,,,,
,,,,,2024,3.0,3,,,,,,,,,,
,,,,,2028,4.0,4,,,,,,,,,,
,,,,,2038,10.0,10,,,,,,,,,,
,,,,,2066,28.0,28,,,,,,,,,,
,,,,,2080,14.0,14,,,,,,,,,,
,,,,,2087,7.0,7,,,,,,,,,,
,,,,,2095,8.0,8,,,,,,,,,,
,,,,,2101,6.0,6,,,,,,,,,,
,,,,,2107,6.0,6,,,,,,,,,,
,,,,,2116,9.0,9,,,,,,,,,,
,,,,,2123,7.0,7,,,,,,,,,,
,,,,,2140,17.0,17,,,,,,,,,,
,,,,,2144,4.0,4,,,,,,,,,,
,,,,,2148,4.0,4,,,,,,,,,,
,,,,,2160,12.0,12,,,,,,,,,,
,,,,,2168,8.0,8,,,,,,,,,,
,,,,,2171,3.0,3,,,,,,,,,,
,,,,,2180,9.0,9,,,,,,,,,,
,,,,,2189,9.0,9,,,,,,,,,,
,,,,,2198,9.0,9,,,,,,,,,,
,,,,,2203,5.0,5,,,,,,,,,,
,,,,,2211,8.0,8,,,,,,,,,,
,,,,,2216,5.0,5,,,,,,,,,,
,,,,,2223,7.0,7,,,,,,,,,,
,,,,,2230,7.0,7,,,,,,,,,,
,,,,,2243,13.0,13,,,,,,,,,,
,,,,,2247,4.0,4,,,,,,,,,,
,,,,,2264,17.0,17,,,,,,,,,,
,,,,,2274,10.0,10,,,,,,,,,,
,,,,,2279,5.0,5,,,,,,,,,,
,,,,,2282,3.0,3,,,,,,,,,,
,,,,,2285,3.0,3,,,,,,,,,,
,,,,,2290,5.0,5,,,,,,,,,,
,,,,,2294,4.0,4,,,,,,,,,,
,,,,,2299,5.0,5,,,,,,,,,,
,,,,,2309,10.0,10,,,,,,,,,,
,,,,,2317,8.0,8,,,,,,,,,,
,,,,,2328,11.0,11,,,,,,,,,,
,,,,,2339,11.0,11,,,,,,,,,,
,,,,,2345,6.0,6,,,,,,,,,,
,,,,,2350,5.0,5,,,,,,,,,,
,,,,,2354,4.0,4,,,,,,,,,,
,,,,,2366,12.0,12,,,,,,,,,,
,,,,,2376,10.0,10,,,,,,,,,,
,,,,,2388,12.0,12,,,,,,,,,,
,,,,,2394,6.0,6,,,,,,,,,,
,,,,,2401,7.0,7,,,,,,,,,,
,,,,,2407,6.0,6,,,,,,,,,,
,,,,,2411,4.0,4,,,,,,,,,,
,,,,,2418,7.0,7,,,,,,,,,,
,,,,,2422,4.0,4,,,,,,,,,,
,,,,,2427,5.0,5,,,,,,,,,,
,,,,,2431,4.0,4,,,,,,,,,,
,,,,,2444,13.0,13,,,,,,,,,,
,,,,,2454,10.0,10,,,,,,,,,,
,,,,,2458,4.0,4,,,,,,,,,,
,,,,,2464,6.0,6,,,,,,,,,,
,,,,,2472,8.0,8,,,,,,,,,,
,,,,,2476,4.0,4,,,,,,,,,,
,,,,,2485,9.0,9,,,,,,,,,,
,,,,,2492,7.0,7,,,,,,,,,,
,,,,,2499,7.0,7,,,,,,,,,,
,,,,,2509,10.0,10,,,,,,,,,,
,,,,,2517,8.0,8,,,,,,,,,,
,,,,,2525,8.0,8,,,,,,,,,,
,,,,,2536,11.0,11,,,,,,,,,,
,,,,,2547,11.0,11,,,,,,,,,,
,,,,,2550,3.0,3,,,,,,,,,,
,,,,,2562,12.0,12,,,,,,,,,,
,,,,,2570,8.0,8,,,,,,,,,,
,,,,,2574,4.0,4,,,,,,,,,,
,,,,,2579,5.0,5,,,,,,,,,,
,,,,,2585,6.0,6,,,,,,,,,,
,,,,,2589,4.0,4,,,,,,,,,,
,,,,,2599,10.0,10,,,,,,,,,,
,,,,,2604,5.0,5,,,,,,,,,,
,,,,,2613,9.0,9,,,,,,,,,,
,,,,,2618,5.0,5,,,,,,,,,,
,,,,,2624,6.0,6,,,,,,,,,,
,,,,,2628,4.0,4,,,,,,,,,,
,,,,,2632,4.0,4,,,,,,,,,,
,,,,,2644,12.0,12,,,,,,,,,,
,,,,,2658,14.0,14,,,,,,,,,,
,,,,,2664,6.0,6,,,,,,,,,,
,,,,,2669,5.0,5,,,,,,,,,,
,,,,,2672,3.0,3,,,,,,,,,,
,,,,,2676,4.0,4,,,,,,,,,,
,,,,,2682,6.0,6,,,,,,,,,,
,,,,,2688,6.0,6,,,,,,,,,,
,,,,,2692,4.0,4,,,,,,,,,,
,,,,,2696,4.0,4,,,,,,,,,,
,,,,,2699,3.0,3,,,,,,,,,,
,,,,,2706,7.0,7,,,,,,,,,,
,,,,,2709,3.0,3,,,,,,,,,,
,,,,,2714,5.0,5,,,,,,,,,,
,,,,,2720,6.0,6,,,,,,,,,,
,,,,,2725,5.0,5,,,,,,,,,,
,,,,,2728,3.0,3,,,,,,,,,,
,,,,,2736,8.0,8,,,,,,,,,,
,,,,,2751,15.0,15,,,,,,,,,,
,,,,,2757,6.0,6,,,,,,,,,,
,,,,,2776,19.0,19,,,,,,,,,,
,,,,,2779,3.0,3,,,,,,,,,,
,,,,,2783,4.0,4,,,,,,,,,,
,,,,,2789,6.0,6,,,,,,,,,,
,,,,,2794,5.0,5,,,,,,,,,,
,,,,,2817,23.0,23,,,,,,,,,,
,,,,,2823,6.0,6,,,,,,,,,,
,,,,,2829,6.0,6,,,,,,,,,,
,,,,,2836,7.0,7,,,,,,,,,,
,,,,,2840,4.0,4,,,,,,,,,,
,,,,,2845,5.0,5,,,,,,,,,,
,,,,,2852,7.0,7,,,,,,,,,,
,,,,,2859,7.0,7,,,,,,,,,,
,,,,,2864,5.0,5,,,,,,,,,,
,,,,,2869,5.0,5,,,,,,,,,,
,,,,,2874,5.0,5,,,,,,,,,,
,,,,,2882,8.0,8,,,,,,,,,,
,,,,,2898,16.0,16,,,,,,,,,,
,,,,,2908,10.0,10,,,,,,,,,,
,,,,,2918,10.0,10,,,,,,,,,,
,,,,,2923,5.0,5,,,,,,,,,,
,,,,,2929,6.0,6,,,,,,,,,,
,,,,,2938,9.0,9,,,,,,,,,,
,,,,,2942,4.0,4,,,,,,,,,,
,,,,,2945,3.0,3,,,,,,,,,,
,,,,,2952,7.0,7,,,,,,,,,,
,,,,,2959,7.0,7,,,,,,,,,,
,,,,,2962,3.0,3,,,,,,,,,,
,,,,,2966,4.0,4,,,,,,,,,,
,,,,,2979,13.0,13,,,,,,,,,,
,,,,,2984,5.0,5,,,,,,,,,,
,,,,,2997,13.0,13,,,,,,,,,,
,,,,,3007,10.0,10,,,,,,,,,,
,,,,,3027,20.0,20,,,,,,,,,,
,,,,,3034,7.0,7,,,,,,,,,,
,,,,,3040,6.0,6,,,,,,,,,,
,,,,,3045,5.0,5,,,,,,,,,,
,,,,,3052,7.0,7,,,,,,,,,,
,,,,,3060,8.0,8,,,,,,,,,,
,,,,,3066,6.0,6,,,,,,,,,,
,,,,,3070,4.0,4,,,,,,,,,,
,,,,,3074,4.0,4,,,,,,,,,,
,,,,,3087,13.0,13,,,,,,,,,,
,,,,,3092,5.0,5,,,,,,,,,,
,,,,,3100,8.0,8,,,,,,,,,,
,,,,,3106,6.0,6,,,,,,,,,,
,,,,,3112,6.0,6,,,,,,,,,,
,,,,,3115,3.0,3,,,,,,,,,,
,,,,,3119,4.0,4,,,,,,,,,,
,,,,,3122,3.0,3,,,,,,,,,,
,,,,,3126,4.0,4,,,,,,,,,,
,,,,,3140,14.0,14,,,,,,,,,,
,,,,,3146,6.0,6,,,,,,,,,,
,,,,,3155,9.0,9,,,,,,,,,,
,,,,,3159,4.0,4,,,,,,,,,,
,,,,,3176,17.0,17,,,,,,,,,,
,,,,,3180,4.0,4,,,,,,,,,,
,,,,,3184,4.0,4,,,,,,,,,,
,,,,,3189,5.0,5,,,,,,,,,,
,,,,,3194,5.0,5,,,,,,,,,,
,,,,,3198,4.0,4,,,,,,,,,,
,,,,,3201,3.0,3,,,,,,,,,,
,,,,,3205,4.0,4,,,,,,,,,,
,,,,,3214,9.0,9,,,,,,,,,,
,,,,,3220,6.0,6,,,,,,,,,,
,,,,,3226,6.0,6,,,,,,,,,,
,,,,,3229,3.0,3,,,,,,,,,,
,,,,,3234,5.0,5,,,,,,,,,,
,,,,,3241,7.0,7,,,,,,,,,,
,,,,,3253,12.0,12,,,,,,,,,,
,,,,,3258,5.0,5,,,,,,,,,,
,,,,,3268,10.0,10,,,,,,,,,,
,,,,,3273,5.0,5,,,,,,,,,,
,,,,,3279,6.0,6,,,,,,,,,,
,,,,,3287,8.0,8,,,,,,,,,,
,,,,,3296,9.0,9,,,,,,,,,,
,,,,,3299,3.0,3,,,,,,,,,,
,,,,,3303,4.0,4,,,,,,,,,,
,,,,,3310,7.0,7,,,,,,,,,,
,,,,,3313,3.0,3,,,,,,,,,,
,,,,,3323,10.0,10,,,,,,,,,,
,,,,,3327,4.0,4,,,,,,,,,,
,,,,,3331,4.0,4,,,,,,,,,,
,,,,,3341,10.0,10,,,,,,,,,,
,,,,,3349,8.0,8,,,,,,,,,,
,,,,,3353,4.0,4,,,,,,,,,,
,,,,,3364,11.0,11,,,,,,,,,,
,,,,,3378,14.0,14,,,,,,,,,,
,,,,,3390,12.0,12,,,,,,,,,,
,,,,,3396,6.0,6,,,,,,,,,,
,,,,,3416,20.0,20,,,,,,,,,,
,,,,,3429,13.0,13,,,,,,,,,,
,,,,,3436,7.0,7,,,,,,,,,,
,,,,,3442,6.0,6,,,,,,,,,,
,,,,,3447,5.0,5,,,,,,,,,,
,,,,,3468,21.0,21,,,,,,,,,,
,,,,,3473,5.0,5,,,,,,,,,,
,,,,,3489,16.0,16,,,,,,,,,,
,,,,,3495,6.0,6,,,,,,,,,,
,,,,,3501,6.0,6,,,,,,,,,,
,,,,,3508,7.0,7,,,,,,,,,,
,,,,,3512,4.0,4,,,,,,,,,,
,,,,,3518,6.0,6,,,,,,,,,,
,,,,,3521,3.0,3,,,,,,,,,,
,,,,,3531,10.0,10,,,,,,,,,,
,,,,,3535,4.0,4,,,,,,,,,,
,,,,,3542,7.0,7,,,,,,,,,,
,,,,,3552,10.0,10,,,,,,,,,,
,,,,,3556,4.0,4,,,,,,,,,,
,,,,,3566,10.0,10,,,,,,,,,,
,,,,,3582,16.0,16,,,,,,,,,,
,,,,,3585,3.0,3,,,,,,,,,,
,,,,,3592,7.0,7,,,,,,,,,,
,,,,,3599,7.0,7,,,,,,,,,,
,,,,,3607,8.0,8,,,,,,,,,,
,,,,,3611,4.0,4,,,,,,,,,,
,,,,,3618,7.0,7,,,,,,,,,,
,,,,,3628,10.0,10,,,,,,,,,,
,,,,,3635,7.0,7,,,,,,,,,,
,,,,,3643,8.0,8,,,,,,,,,,
,,,,,3648,5.0,5,,,,,,,,,,
,,,,,3663,15.0,15,,,,,,,,,,
,,,,,3669,6.0,6,,,,,,,,,,
,,,,,3678,9.0,9,,,,,,,,,,
,,,,,3685,7.0,7,,,,,,,,,,
,,,,,3689,4.0,4,,,,,,,,,,
,,,,,3694,5.0,5,,,,,,,,,,
,,,,,3700,6.0,6,,,,,,,,,,
,,,,,3704,4.0,4,,,,,,,,,,
,,,,,3712,8.0,8,,,,,,,,,,
,,,,,3716,4.0,4,,,,,,,,,,
,,,,,3724,8.0,8,,,,,,,,,,
,,,,,3730,6.0,6,,,,,,,,,,
,,,,,3749,19.0,19,,,,,,,,,,
,,,,,3754,5.0,5,,,,,,,,,,
,,,,,3772,18.0,18,,,,,,,,,,
,,,,,3777,5.0,5,,,,,,,,,,
,,,,,3793,16.0,16,,,,,,,,,,
,,,,,3807,14.0,14,,,,,,,,,,
,,,,,3814,7.0,7,,,,,,,,,,
,,,,,3818,4.0,4,,,,,,,,,,
,,,,,3823,5.0,5,,,,,,,,,,
,,,,,3828,5.0,5,,,,,,,,,,
,,,,,3831,3.0,3,,,,,,,,,,
,,,,,3837,6.0,6,,,,,,,,,,
,,,,,3842,5.0,5,,,,,,,,,,
,,,,,3845,3.0,3,,,,,,,,,,
,,,,,3867,22.0,22,,,,,,,,,,
,,,,,3873,6.0,6,,,,,,,,,,
,,,,,3877,4.0,4,,,,,,,,,,
,,,,,3883,6.0,6,,,,,,,,,,
,,,,,3887,4.0,4,,,,,,,,,,
,,,,,3902,15.0,15,,,,,,,,,,
,,,,,3907,5.0,5,,,,,,,,,,
,,,,,3910,3.0,3,,,,,,,,,,
,,,,,3915,5.0,5,,,,,,,,,,
,,,,,3924,9.0,9,,,,,,,,,,
,,,,,3932,8.0,8,,,,,,,,,,
,,,,,3941,9.0,9,,,,,,,,,,
,,,,,3945,4.0,4,,,,,,,,,,
,,,,,3953,8.0,8,,,,,,,,,,
,,,,,3956,3.0,3,,,,,,,,,,
,,,,,3961,5.0,5,,,,,,,,,,
,,,,,3967,6.0,6,,,,,,,,,,
,,,,,3975,8.0,8,,,,,,,,,,
,,,,,3981,6.0,6,,,,,,,,,,
,,,,,3992,11.0,11,,,,,,,,,,
,,,,,3997,5.0,5,,,,,,,,,,
,,,,,4016,19.0,19,,,,,,,,,,
,,,,,4026,10.0,10,,,,,,,,,,
,,,,,4040,14.0,14,,,,,,,,,,
,,,,,4045,5.0,5,,,,,,,,,,
,,,,,4054,9.0,9,,,,,,,,,,
,,,,,4066,12.0,12,,,,,,,,,,
,,,,,4070,4.0,4,,,,,,,,,,
,,,,,4081,11.0,11,,,,,,,,,,
,,,,,4085,4.0,4,,,,,,,,,,
,,,,,4098,13.0,13,,,,,,,,,,
,,,,,4102,4.0,4,,,,,,,,,,
,,,,,4110,8.0,8,,,,,,,,,,
,,,,,4114,4.0,4,,,,,,,,,,
,,,,,4120,6.0,6,,,,,,,,,,
,,,,,4130,10.0,10,,,,,,,,,,
,,,,,4133,3.0,3,,,,,,,,,,
,,,,,4137,4.0,4,,,,,,,,,,
,,,,,4141,4.0,4,,,,,,,,,,
,,,,,4145,4.0,4,,,,,,,,,,
,,,,,4150,5.0,5,,,,,,,,,,
,,,,,4154,4.0,4,,,,,,,,,,
,,,,,4161,7.0,7,,,,,,,,,,
,,,,,4166,5.0,5,,,,,,,,,,
,,,,,4174,8.0,8,,,,,,,,,,
,,,,,4193,19.0,19,,,,,,,,,,
,,,,,4199,6.0,6,,,,,,,,,,
,,,,,4203,4.0,4,,,,,,,,,,
,,,,,4211,8.0,8,,,,,,,,,,
,,,,,4214,3.0,3,,,,,,,,,,
,,,,,4219,5.0,5,,,,,,,,,,
,,,,,4230,11.0,11,,,,,,,,,,
,,,,,4237,7.0,7,,,,,,,,,,
,,,,,4245,8.0,8,,,,,,,,,,
,,,,,4254,9.0,9,,,,,,,,,,
,,,,,4269,15.0,15,,,,,,,,,,
,,,,,4274,5.0,5,,,,,,,,,,
,,,,,4280,6.0,6,,,,,,,,,,
,,,,,4293,13.0,13,,,,,,,,,,
,,,,,4296,3.0,3,,,,,,,,,,
,,,,,4299,3.0,3,,,,,,,,,,
,,,,,4303,4.0,4,,,,,,,,,,
,,,,,4307,4.0,4,,,,,,,,,,
,,,,,4311,4.0,4,,,,,,,,,,
,,,,,4318,7.0,7,,,,,,,,,,
,,,,,4323,5.0,5,,,,,,,,,,
,,,,,4326,3.0,3,,,,,,,,,,
,,,,,4344,18.0,18,,,,,,,,,,
,,,,,4347,3.0,3,,,,,,,,,,
,,,,,4350,3.0,3,,,,,,,,,,
,,,,,4353,3.0,3,,,,,,,,,,
,,,,,4357,4.0,4,,,,,,,,,,
,,,,,4361,4.0,4,,,,,,,,,,
,,,,,4365,4.0,4,,,,,,,,,,
,,,,,4374,9.0,9,,,,,,,,,,
,,,,,4381,7.0,7,,,,,,,,,,
,,,,,4385,4.0,4,,,,,,,,,,
,,,,,4393,8.0,8,,,,,,,,,,
,,,,,4397,4.0,4,,,,,,,,,,
,,,,,4402,5.0,5,,,,,,,,,,
,,,,,4406,4.0,4,,,,,,,,,,
,,,,,4416,10.0,10,,,,,,,,,,
,,,,,4423,7.0,7,,,,,,,,,,
,,,,,4427,4.0,4,,,,,,,,,,
,,,,,4432,5.0,5,,,,,,,,,,
,,,,,4437,5.0,5,,,,,,,,,,
,,,,,4441,4.0,4,,,,,,,,,,
,,,,,4447,6.0,6,,,,,,,,,,
,,,,,4453,6.0,6,,,,,,,,,,
,,,,,4458,5.0,5,,,,,,,,,,
,,,,,4462,4.0,4,,,,,,,,,,
,,,,,4467,5.0,5,,,,,,,,,,
,,,,,4477,10.0,10,,,,,,,,,,
,,,,,4483,6.0,6,,,,,,,,,,
,,,,,4488,5.0,5,,,,,,,,,,
,,,,,4508,20.0,20,,,,,,,,,,
,,,,,4511,3.0,3,,,,,,,,,,
,,,,,4516,5.0,5,,,,,,,,,,
,,,,,4535,19.0,19,,,,,,,,,,
,,,,,4540,5.0,5,,,,,,,,,,
,,,,,4549,9.0,9,,,,,,,,,,
,,,,,4553,4.0,4,,,,,,,,,,
,,,,,4560,7.0,7,,,,,,,,,,
,,,,,4566,6.0,6,,,,,,,,,,
,,,,,4570,4.0,4,,,,,,,,,,
,,,,,4574,4.0,4,,,,,,,,,,
,,,,,4578,4.0,4,,,,,,,,,,
,,,,,4585,7.0,7,,,,,,,,,,
,,,,,4599,14.0,14,,,,,,,,,,
,,,,,4603,4.0,4,,,,,,,,,,
,,,,,4620,17.0,17,,,,,,,,,,
,,,,,4627,7.0,7,,,,,,,,,,
,,,,,4633,6.0,6,,,,,,,,,,
,,,,,4638,5.0,5,,,,,,,,,,
,,,,,4643,5.0,5,,,,,,,,,,
,,,,,4652,9.0,9,,,,,,,,,,
,,,,,4657,5.0,5,,,,,,,,,,
,,,,,4666,9.0,9,,,,,,,,,,
,,,,,4671,5.0,5,,,,,,,,,,
,,,,,4675,4.0,4,,,,,,,,,,
,,,,,4680,5.0,5,,,,,,,,,,
,,,,,4683,3.0,3,,,,,,,,,,
,,,,,4687,4.0,4,,,,,,,,,,
,,,,,4691,4.0,4,,,,,,,,,,
,,,,,4700,9.0,9,,,,,,,,,,
,,,,,4706,6.0,6,,,,,,,,,,
,,,,,4711,5.0,5,,,,,,,,,,
,,,,,4716,5.0,5,,,,,,,,,,
,,,,,4720,4.0,4,,,,,,,,,,
,,,,,4725,5.0,5,,,,,,,,,,
,,,,,4733,8.0,8,,,,,,,,,,
,,,,,4739,6.0,6,,,,,,,,,,
,,,,,4745,6.0,6,,,,,,,,,,
,,,,,4750,5.0,5,,,,,,,,,,
,,,,,4765,15.0,15,,,,,,,,,,
,,,,,4772,7.0,7,,,,,,,,,,
,,,,,4779,7.0,7,,,,,,,,,,
,,,,,4785,6.0,6,,,,,,,,,,
,,,,,4792,7.0,7,,,,,,,,,,
,,,,,4802,10.0,10,,,,,,,,,,
,,,,,4807,5.0,5,,,,,,,,,,
,,,,,4813,6.0,6,,,,,,,,,,
,,,,,4826,13.0,13,,,,,,,,,,
,,,,,4830,4.0,4,,,,,,,,,,
,,,,,4843,13.0,13,,,,,,,,,,
,,,,,4848,5.0,5,,,,,,,,,,
,,,,,4856,8.0,8,,,,,,,,,,
,,,,,4860,4.0,4,,,,,,,,,,
,,,,,4873,13.0,13,,,,,,,,,,
,,,,,4879,6.0,6,,,,,,,,,,
,,,,,4886,7.0,7,,,,,,,,,,
,,,,,4891,5.0,5,,,,,,,,,,
,,,,,4900,9.0,9,,,,,,,,,,
,,,,,4904,4.0,4,,,,,,,,,,
,,,,,4911,7.0,7,,,,,,,,,,
,,,,,4917,6.0,6,,,,,,,,,,
,,,,,4920,3.0,3,,,,,,,,,,
,,,,,4924,4.0,4,,,,,,,,,,
,,,,,4929,5.0,5,,,,,,,,,,
,,,,,4932,3.0,3,,,,,,,,,,
,,,,,4939,7.0,7,,,,,,,,,,
,,,,,4944,5.0,5,,,,,,,,,,
,,,,,4947,3.0,3,,,,,,,,,,
,,,,,4958,11.0,11,,,,,,,,,,
,,,,,4972,14.0,14,,,,,,,,,,
,,,,,4982,10.0,10,,,,,,,,,,
,,,,,4990,8.0,8,,,,,,,,,,
,,,,,4994,4.0,4,,,,,,,,,,
7.0,7.183314,28.0,3.0,7.0,5000,,,-0.1363207995891571,0.6257180571556091,1.0854028463363647,0.060262009501457214,1.100272297859192,0.09999999403953552,-3.747018814086914,0.0003,0.0003,0.09999001026153564
,,,,,5007,13.0,13,,,,,,,,,,
,,,,,5010,3.0,3,,,,,,,,,,
,,,,,5013,3.0,3,,,,,,,,,,
,,,,,5018,5.0,5,,,,,,,,,,
,,,,,5021,3.0,3,,,,,,,,,,
,,,,,5025,4.0,4,,,,,,,,,,
,,,,,5029,4.0,4,,,,,,,,,,
,,,,,5032,3.0,3,,,,,,,,,,
,,,,,5039,7.0,7,,,,,,,,,,
,,,,,5043,4.0,4,,,,,,,,,,
,,,,,5049,6.0,6,,,,,,,,,,
,,,,,5056,7.0,7,,,,,,,,,,
,,,,,5060,4.0,4,,,,,,,,,,
,,,,,5063,3.0,3,,,,,,,,,,
,,,,,5066,3.0,3,,,,,,,,,,
,,,,,5073,7.0,7,,,,,,,,,,
,,,,,5080,7.0,7,,,,,,,,,,
,,,,,5084,4.0,4,,,,,,,,,,
,,,,,5087,3.0,3,,,,,,,,,,
,,,,,5091,4.0,4,,,,,,,,,,
,,,,,5097,6.0,6,,,,,,,,,,
,,,,,5101,4.0,4,,,,,,,,,,
,,,,,5104,3.0,3,,,,,,,,,,
,,,,,5107,3.0,3,,,,,,,,,,
,,,,,5110,3.0,3,,,,,,,,,,
,,,,,5120,10.0,10,,,,,,,,,,
,,,,,5125,5.0,5,,,,,,,,,,
,,,,,5130,5.0,5,,,,,,,,,,
,,,,,5134,4.0,4,,,,,,,,,,
,,,,,5138,4.0,4,,,,,,,,,,
,,,,,5147,9.0,9,,,,,,,,,,
,,,,,5152,5.0,5,,,,,,,,,,
,,,,,5163,11.0,11,,,,,,,,,,
,,,,,5166,3.0,3,,,,,,,,,,
,,,,,5186,20.0,20,,,,,,,,,,
,,,,,5201,15.0,15,,,,,,,,,,
,,,,,5206,5.0,5,,,,,,,,,,
,,,,,5211,5.0,5,,,,,,,,,,
,,,,,5214,3.0,3,,,,,,,,,,
,,,,,5223,9.0,9,,,,,,,,,,
,,,,,5234,11.0,11,,,,,,,,,,
,,,,,5238,4.0,4,,,,,,,,,,
,,,,,5246,8.0,8,,,,,,,,,,
,,,,,5251,5.0,5,,,,,,,,,,
,,,,,5255,4.0,4,,,,,,,,,,
,,,,,5273,18.0,18,,,,,,,,,,
,,,,,5280,7.0,7,,,,,,,,,,
,,,,,5288,8.0,8,,,,,,,,,,
,,,,,5293,5.0,5,,,,,,,,,,
,,,,,5296,3.0,3,,,,,,,,,,
,,,,,5304,8.0,8,,,,,,,,,,
,,,,,5321,17.0,17,,,,,,,,,,
,,,,,5338,17.0,17,,,,,,,,,,
,,,,,5344,6.0,6,,,,,,,,,,
,,,,,5348,4.0,4,,,,,,,,,,
,,,,,5371,23.0,23,,,,,,,,,,
,,,,,5380,9.0,9,,,,,,,,,,
,,,,,5402,22.0,22,,,,,,,,,,
,,,,,5415,13.0,13,,,,,,,,,,
,,,,,5418,3.0,3,,,,,,,,,,
,,,,,5429,11.0,11,,,,,,,,,,
,,,,,5448,19.0,19,,,,,,,,,,
,,,,,5463,15.0,15,,,,,,,,,,
,,,,,5484,21.0,21,,,,,,,,,,
,,,,,5499,15.0,15,,,,,,,,,,
,,,,,5524,25.0,25,,,,,,,,,,
,,,,,5536,12.0,12,,,,,,,,,,
,,,,,5575,39.0,39,,,,,,,,,,
,,,,,5595,20.0,20,,,,,,,,,,
,,,,,5612,17.0,17,,,,,,,,,,
,,,,,5655,43.0,43,,,,,,,,,,
,,,,,5690,35.0,35,,,,,,,,,,
,,,,,5735,45.0,45,,,,,,,,,,
,,,,,5775,40.0,40,,,,,,,,,,
,,,,,5803,28.0,28,,,,,,,,,,
,,,,,5847,44.0,44,,,,,,,,,,
,,,,,5887,40.0,40,,,,,,,,,,
,,,,,5950,63.0,63,,,,,,,,,,
,,,,,6000,,,-4.861420154571533,-0.6024307012557983,0.8346153497695923,4.3089189529418945,4.263460636138916,0.09273630380630493,-0.7161321640014648,0.0003,0.0003,0.09273245930671692
,,,,,6035,85.0,85,,,,,,,,,,
,,,,,6061,26.0,26,,,,,,,,,,
,,,,,6095,34.0,34,,,,,,,,,,
,,,,,6125,30.0,30,,,,,,,,,,
,,,,,6166,41.0,41,,,,,,,,,,
,,,,,6259,93.0,93,,,,,,,,,,
,,,,,6295,36.0,36,,,,,,,,,,
,,,,,6345,50.0,50,,,,,,,,,,
,,,,,6380,35.0,35,,,,,,,,,,
,,,,,6429,49.0,49,,,,,,,,,,
,,,,,6486,57.0,57,,,,,,,,,,
,,,,,6537,51.0,51,,,,,,,,,,
,,,,,6581,44.0,44,,,,,,,,,,
,,,,,6658,77.0,77,,,,,,,,,,
,,,,,6728,70.0,70,,,,,,,,,,
,,,,,6790,62.0,62,,,,,,,,,,
,,,,,6857,67.0,67,,,,,,,,,,
,,,,,6941,84.0,84,,,,,,,,,,
,,,,,7000,59.0,59,,,,,,,,,,
,,,,,7000,,,-9.577454566955566,-0.908629834651947,1.1577458381652832,8.776493072509766,8.900735855102539,0.09014731645584106,-0.3395327031612396,0.0003,0.0003,0.09014665335416794
,,,,,7093,93.0,93,,,,,,,,,,
,,,,,7151,58.0,58,,,,,,,,,,
,,,,,7226,75.0,75,,,,,,,,,,
,,,,,7346,120.0,120,,,,,,,,,,
,,,,,7452,106.0,106,,,,,,,,,,
,,,,,7546,94.0,94,,,,,,,,,,
,,,,,7682,136.0,136,,,,,,,,,,
,,,,,7751,69.0,69,,,,,,,,,,
,,,,,7850,99.0,99,,,,,,,,,,
,,,,,7943,93.0,93,,,,,,,,,,
,,,,,8000,,,-14.45180606842041,-0.943831205368042,2.608847141265869,13.049488067626953,13.111148834228516,0.08862671256065369,-0.09128749370574951,0.0003,0.0003,0.08862375468015671
,,,,,8020,77.0,77,,,,,,,,,,
,,,,,8143,123.0,123,,,,,,,,,,
,,,,,8249,106.0,106,,,,,,,,,,
,,,,,8396,147.0,147,,,,,,,,,,
,,,,,8493,97.0,97,,,,,,,,,,
,,,,,8602,109.0,109,,,,,,,,,,
,,,,,8704,102.0,102,,,,,,,,,,
,,,,,8816,112.0,112,,,,,,,,,,
,,,,,8892,76.0,76,,,,,,,,,,
,,,,,8980,88.0,88,,,,,,,,,,
,,,,,9000,,,-19.728078842163086,-0.8468478918075562,2.3632969856262207,18.02828598022461,18.31702995300293,0.08298889547586441,-0.4977755546569824,0.0003,0.0003,0.0829818919301033
,,,,,9067,87.0,87,,,,,,,,,,
,,,,,9148,81.0,81,,,,,,,,,,
,,,,,9235,87.0,87,,,,,,,,,,
,,,,,9323,88.0,88,,,,,,,,,,
,,,,,9406,83.0,83,,,,,,,,,,
,,,,,9543,137.0,137,,,,,,,,,,
,,,,,9609,66.0,66,,,,,,,,,,
,,,,,9695,86.0,86,,,,,,,,,,
,,,,,9770,75.0,75,,,,,,,,,,
,,,,,9844,74.0,74,,,,,,,,,,
,,,,,9911,67.0,67,,,,,,,,,,
,,,,,9984,73.0,73,,,,,,,,,,
71.8,6.823489,87.0,63.0,71.8,10000,,,-23.257217407226562,-0.8886382579803467,5.829981803894043,20.89576530456543,20.566791534423828,0.07533863186836243,-0.27482712268829346,0.0003,0.0003,0.07533138990402222
,,,,,10054,70.0,70,,,,,,,,,,
,,,,,10119,65.0,65,,,,,,,,,,
,,,,,10184,65.0,65,,,,,,,,,,
,,,,,10270,86.0,86,,,,,,,,,,
,,,,,10337,67.0,67,,,,,,,,,,
,,,,,10423,86.0,86,,,,,,,,,,
,,,,,10497,74.0,74,,,,,,,,,,
,,,,,10569,72.0,72,,,,,,,,,,
,,,,,10640,71.0,71,,,,,,,,,,
,,,,,10706,66.0,66,,,,,,,,,,
,,,,,10809,103.0,103,,,,,,,,,,
,,,,,10873,64.0,64,,,,,,,,,,
,,,,,10941,68.0,68,,,,,,,,,,
,,,,,11000,,,-28.204862594604492,-0.4851875305175781,4.661282539367676,26.7238826751709,26.70564079284668,0.06818708032369614,-1.448148488998413,0.0003,0.0003,0.06817944347858429
,,,,,11024,83.0,83,,,,,,,,,,
,,,,,11105,81.0,81,,,,,,,,,,
,,,,,11175,70.0,70,,,,,,,,,,
,,,,,11237,62.0,62,,,,,,,,,,
,,,,,11312,75.0,75,,,,,,,,,,
,,,,,11379,67.0,67,,,,,,,,,,
,,,,,11447,68.0,68,,,,,,,,,,
,,,,,11517,70.0,70,,,,,,,,,,
,,,,,11580,63.0,63,,,,,,,,,,
,,,,,11648,68.0,68,,,,,,,,,,
,,,,,11704,56.0,56,,,,,,,,,,
,,,,,11763,59.0,59,,,,,,,,,,
,,,,,11829,66.0,66,,,,,,,,,,
,,,,,11902,73.0,73,,,,,,,,,,
,,,,,11979,77.0,77,,,,,,,,,,
,,,,,12000,,,-31.839157104492188,-0.4743872880935669,4.5797224044799805,29.18069839477539,28.95849609375,0.06203407049179077,-0.8602584004402161,0.0003,0.0003,0.06202993169426918
,,,,,12051,72.0,72,,,,,,,,,,
,,,,,12126,75.0,75,,,,,,,,,,
,,,,,12196,70.0,70,,,,,,,,,,
,,,,,12252,56.0,56,,,,,,,,,,
,,,,,12318,66.0,66,,,,,,,,,,
,,,,,12393,75.0,75,,,,,,,,,,
,,,,,12450,57.0,57,,,,,,,,,,
,,,,,12524,74.0,74,,,,,,,,,,
,,,,,12585,61.0,61,,,,,,,,,,
,,,,,12664,79.0,79,,,,,,,,,,
,,,,,12741,77.0,77,,,,,,,,,,
,,,,,12816,75.0,75,,,,,,,,,,
,,,,,12901,85.0,85,,,,,,,,,,
,,,,,12981,80.0,80,,,,,,,,,,
,,,,,13000,,,-33.81578826904297,-0.8071274757385254,4.14553165435791,31.162097930908203,31.159595489501953,0.057044774293899536,-0.6322680115699768,0.0003,0.0003,0.05703941732645035
,,,,,13079,98.0,98,,,,,,,,,,
,,,,,13182,103.0,103,,,,,,,,,,
,,,,,13253,71.0,71,,,,,,,,,,
,,,,,13329,76.0,76,,,,,,,,,,
,,,,,13396,67.0,67,,,,,,,,,,
,,,,,13494,98.0,98,,,,,,,,,,
,,,,,13542,48.0,48,,,,,,,,,,
,,,,,13621,79.0,79,,,,,,,,,,
,,,,,13680,59.0,59,,,,,,,,,,
,,,,,13735,55.0,55,,,,,,,,,,
,,,,,13785,50.0,50,,,,,,,,,,
,,,,,13839,54.0,54,,,,,,,,,,
,,,,,13886,47.0,47,,,,,,,,,,
,,,,,13937,51.0,51,,,,,,,,,,
,,,,,13983,46.0,46,,,,,,,,,,
,,,,,14000,,,-38.48513412475586,-0.7055285573005676,9.46892261505127,35.95374298095703,35.60245895385742,0.05313248187303543,-0.9019186496734619,0.0003,0.0003,0.05312959477305412
,,,,,14037,54.0,54,,,,,,,,,,
,,,,,14089,52.0,52,,,,,,,,,,
,,,,,14135,46.0,46,,,,,,,,,,
,,,,,14186,51.0,51,,,,,,,,,,
,,,,,14237,51.0,51,,,,,,,,,,
,,,,,14286,49.0,49,,,,,,,,,,
,,,,,14335,49.0,49,,,,,,,,,,
,,,,,14384,49.0,49,,,,,,,,,,
,,,,,14429,45.0,45,,,,,,,,,,
,,,,,14475,46.0,46,,,,,,,,,,
,,,,,14521,46.0,46,,,,,,,,,,
,,,,,14568,47.0,47,,,,,,,,,,
,,,,,14615,47.0,47,,,,,,,,,,
,,,,,14664,49.0,49,,,,,,,,,,
,,,,,14711,47.0,47,,,,,,,,,,
,,,,,14761,50.0,50,,,,,,,,,,
,,,,,14813,52.0,52,,,,,,,,,,
,,,,,14862,49.0,49,,,,,,,,,,
,,,,,14912,50.0,50,,,,,,,,,,
,,,,,14960,48.0,48,,,,,,,,,,
52.0,2.4494898,57.0,48.0,52.0,15000,,,-40.123191833496094,-1.0415898561477661,14.301948547363281,38.53998565673828,38.99630355834961,0.053083937615156174,0.20768257975578308,0.0003,0.0003,0.0530850887298584
,,,,,15009,49.0,49,,,,,,,,,,
,,,,,15061,52.0,52,,,,,,,,,,
,,,,,15111,50.0,50,,,,,,,,,,
,,,,,15161,50.0,50,,,,,,,,,,
,,,,,15217,56.0,56,,,,,,,,,,
,,,,,15279,62.0,62,,,,,,,,,,
,,,,,15330,51.0,51,,,,,,,,,,
,,,,,15382,52.0,52,,,,,,,,,,
,,,,,15445,63.0,63,,,,,,,,,,
,,,,,15498,53.0,53,,,,,,,,,,
,,,,,15556,58.0,58,,,,,,,,,,
,,,,,15623,67.0,67,,,,,,,,,,
,,,,,15680,57.0,57,,,,,,,,,,
,,,,,15740,60.0,60,,,,,,,,,,
,,,,,15804,64.0,64,,,,,,,,,,
,,,,,15863,59.0,59,,,,,,,,,,
,,,,,15934,71.0,71,,,,,,,,,,
,,,,,15998,64.0,64,,,,,,,,,,
,,,,,16000,,,-42.07969665527344,-1.1676887273788452,6.766994953155518,38.39616012573242,38.23460388183594,0.053787048906087875,0.1681072860956192,0.0003,0.0003,0.05378665030002594
,,,,,16059,61.0,61,,,,,,,,,,
,,,,,16132,73.0,73,,,,,,,,,,
,,,,,16205,73.0,73,,,,,,,,,,
,,,,,16269,64.0,64,,,,,,,,,,
,,,,,16335,66.0,66,,,,,,,,,,
,,,,,16397,62.0,62,,,,,,,,,,
,,,,,16469,72.0,72,,,,,,,,,,
,,,,,16536,67.0,67,,,,,,,,,,
,,,,,16612,76.0,76,,,,,,,,,,
,,,,,16681,69.0,69,,,,,,,,,,
,,,,,16769,88.0,88,,,,,,,,,,
,,,,,16852,83.0,83,,,,,,,,,,
,,,,,16929,77.0,77,,,,,,,,,,
,,,,,17000,,,-46.82451629638672,-0.8265053629875183,4.632219314575195,45.29490280151367,45.230003356933594,0.05234435945749283,-0.44089481234550476,0.0003,0.0003,0.05234222486615181
,,,,,17008,79.0,79,,,,,,,,,,
,,,,,17105,97.0,97,,,,,,,,,,
,,,,,17183,78.0,78,,,,,,,,,,
,,,,,17269,86.0,86,,,,,,,,,,
,,,,,17369,100.0,100,,,,,,,,,,
,,,,,17480,111.0,111,,,,,,,,,,
,,,,,17569,89.0,89,,,,,,,,,,
,,,,,17676,107.0,107,,,,,,,,,,
,,,,,17742,66.0,66,,,,,,,,,,
,,,,,17887,145.0,145,,,,,,,,,,
,,,,,17975,88.0,88,,,,,,,,,,
,,,,,18000,,,-49.360755920410156,-1.0053532123565674,5.175937175750732,44.58554458618164,44.4762077331543,0.050279032438993454,0.1325313001871109,0.0003,0.0003,0.050277870148420334
,,,,,18045,70.0,70,,,,,,,,,,
,,,,,18129,84.0,84,,,,,,,,,,
,,,,,18213,84.0,84,,,,,,,,,,
,,,,,18298,85.0,85,,,,,,,,,,
,,,,,18375,77.0,77,,,,,,,,,,
,,,,,18451,76.0,76,,,,,,,,,,
,,,,,18538,87.0,87,,,,,,,,,,
,,,,,18650,112.0,112,,,,,,,,,,
,,,,,18799,149.0,149,,,,,,,,,,
,,,,,18914,115.0,115,,,,,,,,,,
,,,,,19000,,,-50.277137756347656,-1.1194078922271729,21.58028221130371,47.75762176513672,47.473243713378906,0.04857320338487625,0.3409852087497711,0.0003,0.0003,0.04857229068875313
,,,,,19034,120.0,120,,,,,,,,,,
,,,,,19131,97.0,97,,,,,,,,,,
,,,,,19272,141.0,141,,,,,,,,,,
,,,,,19484,212.0,212,,,,,,,,,,
,,,,,19592,108.0,108,,,,,,,,,,
,,,,,19701,109.0,109,,,,,,,,,,
,,,,,19813,112.0,112,,,,,,,,,,
,,,,,19969,156.0,156,,,,,,,,,,
203.3,62.954033,325.0,118.0,203.3,20000,,,-53.51329803466797,-0.9201614260673523,9.938414573669434,50.570030212402344,50.24121856689453,0.04750905558466911,-0.2622888684272766,0.0003,0.0003,0.047508612275123596
,,,,,20220,251.0,251,,,,,,,,,,
,,,,,20446,226.0,226,,,,,,,,,,
,,,,,20900,454.0,454,,,,,,,,,,
,,,,,21000,,,-56.371849060058594,-0.9529219269752502,4.311727046966553,53.155025482177734,53.28816604614258,0.04660257697105408,-0.23689016699790955,0.0003,0.0003,0.04660286754369736
,,,,,21900,1000.0,1000,,,,,,,,,,
,,,,,22000,,,-56.567012786865234,-1.3846375942230225,11.38885498046875,52.92192077636719,53.070762634277344,0.046270065009593964,0.9878658652305603,0.0003,0.0003,0.04626985639333725
,,,,,22226,326.0,326,,,,,,,,,,
,,,,,22388,162.0,162,,,,,,,,,,
,,,,,22518,130.0,130,,,,,,,,,,
,,,,,22635,117.0,117,,,,,,,,,,
,,,,,22718,83.0,83,,,,,,,,,,
,,,,,22811,93.0,93,,,,,,,,,,
,,,,,22895,84.0,84,,,,,,,,,,
,,,,,22982,87.0,87,,,,,,,,,,
,,,,,23000,,,-60.10737228393555,-1.1543185710906982,4.307065010070801,56.47795486450195,56.63068389892578,0.047355834394693375,0.7740034461021423,0.0003,0.0003,0.047359492629766464
,,,,,23105,123.0,123,,,,,,,,,,
,,,,,23203,98.0,98,,,,,,,,,,
,,,,,23291,88.0,88,,,,,,,,,,
,,,,,23406,115.0,115,,,,,,,,,,
,,,,,23530,124.0,124,,,,,,,,,,
,,,,,23619,89.0,89,,,,,,,,,,
,,,,,23713,94.0,94,,,,,,,,,,
,,,,,23809,96.0,96,,,,,,,,,,
,,,,,23905,96.0,96,,,,,,,,,,
,,,,,23992,87.0,87,,,,,,,,,,
,,,,,24000,,,-62.425418853759766,-1.222753882408142,27.860048294067383,59.73725891113281,59.74292755126953,0.05151676759123802,0.5755952596664429,0.0003,0.0003,0.05152203515172005
,,,,,24091,99.0,99,,,,,,,,,,
,,,,,24184,93.0,93,,,,,,,,,,
,,,,,24280,96.0,96,,,,,,,,,,
,,,,,24381,101.0,101,,,,,,,,,,
,,,,,24497,116.0,116,,,,,,,,,,
,,,,,24611,114.0,114,,,,,,,,,,
,,,,,24716,105.0,105,,,,,,,,,,
,,,,,24829,113.0,113,,,,,,,,,,
,,,,,24930,101.0,101,,,,,,,,,,
103.5,3.905125,112.0,98.0,103.5,25000,,,-63.805633544921875,-1.1615110635757446,20.347660064697266,61.77885055541992,60.9209098815918,0.05572058632969856,0.7433639764785767,0.0003,0.0003,0.05572352185845375
,,,,,25038,108.0,108,,,,,,,,,,
,,,,,25134,96.0,96,,,,,,,,,,
,,,,,25236,102.0,102,,,,,,,,,,
,,,,,25333,97.0,97,,,,,,,,,,
,,,,,25443,110.0,110,,,,,,,,,,
,,,,,25569,126.0,126,,,,,,,,,,
,,,,,25670,101.0,101,,,,,,,,,,
,,,,,25777,107.0,107,,,,,,,,,,
,,,,,25896,119.0,119,,,,,,,,,,
,,,,,26000,,,-64.1822280883789,-1.417625069618225,11.104394912719727,59.36249542236328,59.19063949584961,0.05998113006353378,0.9575515389442444,0.0003,0.0003,0.05998825281858444
,,,,,26896,1000.0,1000,,,,,,,,,,
,,,,,26982,86.0,86,,,,,,,,,,
,,,,,27000,,,-65.39173889160156,-1.2003037929534912,9.540817260742188,62.525455474853516,62.418373107910156,0.06382772326469421,0.23419836163520813,0.0003,0.0003,0.06383177638053894
,,,,,27059,77.0,77,,,,,,,,,,
,,,,,27150,91.0,91,,,,,,,,,,
,,,,,27318,168.0,168,,,,,,,,,,
,,,,,28000,,,-66.13616180419922,-1.3017065525054932,15.740017890930176,63.58039093017578,63.13290786743164,0.06823572516441345,0.6985970139503479,0.0003,0.0003,0.06824073195457458
,,,,,28318,1000.0,1000,,,,,,,,,,
,,,,,29000,,,-68.52912902832031,-0.9242987632751465,10.31509017944336,65.64656829833984,65.81159210205078,0.07064373046159744,-0.14286987483501434,0.0003,0.0003,0.07064669579267502
,,,,,29318,1000.0,1000,,,,,,,,,,
1000.0,0.0,1000.0,1000.0,1000.0,30000,,,-69.64777374267578,-1.024632215499878,10.175938606262207,67.4654769897461,67.29895782470703,0.07313478738069534,0.10987099260091782,0.0003,0.0003,0.07313388586044312
,,,,,30318,1000.0,1000,,,,,,,,,,
,,,,,31000,,,-72.31975555419922,-0.9365185499191284,34.703369140625,70.11468505859375,69.68106842041016,0.07399524003267288,0.03413771837949753,0.0003,0.0003,0.07399476319551468
,,,,,31318,1000.0,1000,,,,,,,,,,
,,,,,32000,,,-74.10803985595703,-1.062078833580017,14.028488159179688,70.49229431152344,70.58000183105469,0.07423967868089676,0.077884741127491,0.0003,0.0003,0.0742422342300415
,,,,,32318,1000.0,1000,,,,,,,,,,
,,,,,33000,,,-75.39777374267578,-1.0634746551513672,5.836651802062988,73.25659942626953,73.43964385986328,0.07344172894954681,-0.18203340470790863,0.0003,0.0003,0.07344155013561249
,,,,,33318,1000.0,1000,,,,,,,,,,
,,,,,34000,,,-71.88508605957031,-1.1751302480697632,2.8901777267456055,68.80724334716797,68.74107360839844,0.07320945709943771,0.2171737104654312,0.0003,0.0003,0.07321013510227203
,,,,,34318,1000.0,1000,,,,,,,,,,
1000.0,0.0,1000.0,1000.0,1000.0,35000,,,-78.18305969238281,-1.0038625001907349,10.948295593261719,76.40275573730469,76.55176544189453,0.07380152493715286,-0.11958728730678558,0.0003,0.0003,0.07380315661430359
,,,,,35318,1000.0,1000,,,,,,,,,,
,,,,,36000,,,-78.10385131835938,-1.1612093448638916,19.242828369140625,74.68948364257812,74.45307922363281,0.07329755276441574,-0.1473153978586197,0.0003,0.0003,0.07329847663640976
,,,,,36318,1000.0,1000,,,,,,,,,,
,,,,,37000,,,-79.39910125732422,-0.9898403882980347,33.25211715698242,77.29560852050781,76.94337463378906,0.07285948097705841,-0.01268061250448227,0.0003,0.0003,0.07285609096288681
,,,,,37318,1000.0,1000,,,,,,,,,,
,,,,,37434,116.0,116,,,,,,,,,,
,,,,,37621,187.0,187,,,,,,,,,,
,,,,,38000,,,-80.58297729492188,-0.9240322113037109,34.330657958984375,78.93830108642578,78.41524505615234,0.07271082699298859,-0.3556622862815857,0.0003,0.0003,0.07271187007427216
,,,,,38621,1000.0,1000,,,,,,,,,,
,,,,,38867,246.0,246,,,,,,,,,,
,,,,,39000,,,-82.0062484741211,-1.0190016031265259,15.680384635925293,80.47706604003906,79.90110778808594,0.0705319494009018,-0.3593357801437378,0.0003,0.0003,0.07052776217460632
,,,,,39011,144.0,144,,,,,,,,,,
,,,,,39155,144.0,144,,,,,,,,,,
,,,,,39274,119.0,119,,,,,,,,,,
,,,,,39393,119.0,119,,,,,,,,,,
,,,,,39498,105.0,105,,,,,,,,,,
,,,,,39599,101.0,101,,,,,,,,,,
,,,,,39707,108.0,108,,,,,,,,,,
,,,,,39788,81.0,81,,,,,,,,,,
,,,,,39874,86.0,86,,,,,,,,,,
,,,,,39951,77.0,77,,,,,,,,,,
81.2,2.8913665,86.0,75.0,81.2,40000,,,-85.43096923828125,-0.9618644118309021,5.174104690551758,83.00159454345703,82.97457122802734,0.06670060753822327,-0.1810825914144516,0.0003,0.0003,0.06669744104146957
,,,,,40026,75.0,75,,,,,,,,,,
,,,,,40101,75.0,75,,,,,,,,,,
,,,,,40180,79.0,79,,,,,,,,,,
,,,,,40252,72.0,72,,,,,,,,,,
,,,,,40320,68.0,68,,,,,,,,,,
,,,,,40393,73.0,73,,,,,,,,,,
,,,,,40454,61.0,61,,,,,,,,,,
,,,,,40514,60.0,60,,,,,,,,,,
,,,,,40577,63.0,63,,,,,,,,,,
,,,,,40634,57.0,57,,,,,,,,,,
,,,,,40695,61.0,61,,,,,,,,,,
,,,,,40746,51.0,51,,,,,,,,,,
,,,,,40805,59.0,59,,,,,,,,,,
,,,,,40856,51.0,51,,,,,,,,,,
,,,,,40903,47.0,47,,,,,,,,,,
,,,,,40947,44.0,44,,,,,,,,,,
,,,,,40992,45.0,45,,,,,,,,,,
,,,,,41000,,,-85.74761962890625,-0.9250180125236511,11.809296607971191,82.78512573242188,83.26869201660156,0.0642475113272667,0.01189078763127327,0.0003,0.0003,0.06425002217292786
,,,,,41036,44.0,44,,,,,,,,,,
,,,,,41080,44.0,44,,,,,,,,,,
,,,,,41125,45.0,45,,,,,,,,,,
,,,,,41172,47.0,47,,,,,,,,,,
,,,,,41217,45.0,45,,,,,,,,,,
,,,,,41259,42.0,42,,,,,,,,,,
,,,,,41300,41.0,41,,,,,,,,,,
,,,,,41341,41.0,41,,,,,,,,,,
,,,,,41383,42.0,42,,,,,,,,,,
,,,,,41423,40.0,40,,,,,,,,,,
,,,,,41464,41.0,41,,,,,,,,,,
,,,,,41505,41.0,41,,,,,,,,,,
,,,,,41545,40.0,40,,,,,,,,,,
,,,,,41585,40.0,40,,,,,,,,,,
,,,,,41625,40.0,40,,,,,,,,,,
,,,,,41667,42.0,42,,,,,,,,,,
,,,,,41708,41.0,41,,,,,,,,,,
,,,,,41749,41.0,41,,,,,,,,,,
,,,,,41789,40.0,40,,,,,,,,,,
,,,,,41830,41.0,41,,,,,,,,,,
,,,,,41872,42.0,42,,,,,,,,,,
,,,,,41914,42.0,42,,,,,,,,,,
,,,,,41955,41.0,41,,,,,,,,,,
,,,,,41995,40.0,40,,,,,,,,,,
,,,,,42000,,,-84.9739761352539,-1.0201529264450073,26.219799041748047,82.41607666015625,82.11397552490234,0.06718526035547256,0.2662403881549835,0.0003,0.0003,0.06718939542770386
,,,,,42035,40.0,40,,,,,,,,,,
,,,,,42075,40.0,40,,,,,,,,,,
,,,,,42116,41.0,41,,,,,,,,,,
,,,,,42156,40.0,40,,,,,,,,,,
,,,,,42196,40.0,40,,,,,,,,,,
,,,,,42236,40.0,40,,,,,,,,,,
,,,,,42277,41.0,41,,,,,,,,,,
,,,,,42318,41.0,41,,,,,,,,,,
,,,,,42359,41.0,41,,,,,,,,,,
,,,,,42399,40.0,40,,,,,,,,,,
,,,,,42439,40.0,40,,,,,,,,,,
,,,,,42480,41.0,41,,,,,,,,,,
,,,,,42521,41.0,41,,,,,,,,,,
,,,,,42562,41.0,41,,,,,,,,,,
,,,,,42601,39.0,39,,,,,,,,,,
,,,,,42641,40.0,40,,,,,,,,,,
,,,,,42681,40.0,40,,,,,,,,,,
,,,,,42721,40.0,40,,,,,,,,,,
,,,,,42761,40.0,40,,,,,,,,,,
,,,,,42802,41.0,41,,,,,,,,,,
,,,,,42843,41.0,41,,,,,,,,,,
,,,,,42884,41.0,41,,,,,,,,,,
,,,,,42925,41.0,41,,,,,,,,,,
,,,,,42968,43.0,43,,,,,,,,,,
,,,,,43000,,,-86.52811431884766,-1.314133882522583,11.81732177734375,83.48442840576172,83.47059631347656,0.07665012031793594,0.7462053894996643,0.0003,0.0003,0.07666205614805222
,,,,,43009,41.0,41,,,,,,,,,,
,,,,,43051,42.0,42,,,,,,,,,,
,,,,,43092,41.0,41,,,,,,,,,,
,,,,,43133,41.0,41,,,,,,,,,,
,,,,,43175,42.0,42,,,,,,,,,,
,,,,,43217,42.0,42,,,,,,,,,,
,,,,,43260,43.0,43,,,,,,,,,,
,,,,,43303,43.0,43,,,,,,,,,,
,,,,,43346,43.0,43,,,,,,,,,,
,,,,,43389,43.0,43,,,,,,,,,,
,,,,,43433,44.0,44,,,,,,,,,,
,,,,,43476,43.0,43,,,,,,,,,,
,,,,,43520,44.0,44,,,,,,,,,,
,,,,,43563,43.0,43,,,,,,,,,,
,,,,,43608,45.0,45,,,,,,,,,,
,,,,,43654,46.0,46,,,,,,,,,,
,,,,,43701,47.0,47,,,,,,,,,,
,,,,,43746,45.0,45,,,,,,,,,,
,,,,,43792,46.0,46,,,,,,,,,,
,,,,,43840,48.0,48,,,,,,,,,,
,,,,,43889,49.0,49,,,,,,,,,,
,,,,,43936,47.0,47,,,,,,,,,,
,,,,,43986,50.0,50,,,,,,,,,,
,,,,,44000,,,-87.9773178100586,-1.5017282962799072,19.64944839477539,84.5030746459961,84.50541687011719,0.0856880247592926,1.0792319774627686,0.0003,0.0003,0.08569419384002686
,,,,,44035,49.0,49,,,,,,,,,,
,,,,,44085,50.0,50,,,,,,,,,,
,,,,,44133,48.0,48,,,,,,,,,,
,,,,,44185,52.0,52,,,,,,,,,,
,,,,,44237,52.0,52,,,,,,,,,,
,,,,,44289,52.0,52,,,,,,,,,,
,,,,,44345,56.0,56,,,,,,,,,,
,,,,,44399,54.0,54,,,,,,,,,,
,,,,,44454,55.0,55,,,,,,,,,,
,,,,,44515,61.0,61,,,,,,,,,,
,,,,,44573,58.0,58,,,,,,,,,,
,,,,,44631,58.0,58,,,,,,,,,,
,,,,,44686,55.0,55,,,,,,,,,,
,,,,,44745,59.0,59,,,,,,,,,,
,,,,,44809,64.0,64,,,,,,,,,,
,,,,,44870,61.0,61,,,,,,,,,,
,,,,,44933,63.0,63,,,,,,,,,,
,,,,,44994,61.0,61,,,,,,,,,,
65.8,2.3999999,69.0,62.0,65.8,45000,,,-86.2339859008789,-1.1664516925811768,24.693519592285156,83.29823303222656,83.08456420898438,0.0896306112408638,0.2968929409980774,0.0003,0.0003,0.08963523060083389
,,,,,45994,1000.0,1000,,,,,,,,,,
,,,,,46000,,,-87.81510925292969,-1.153585433959961,19.07842254638672,86.32584381103516,86.3937759399414,0.0934758335351944,-0.11871203780174255,0.0003,0.0003,0.09348125010728836
,,,,,46994,1000.0,1000,,,,,,,,,,
,,,,,47000,,,-90.95795440673828,-0.978425145149231,12.054408073425293,89.37733459472656,89.58442687988281,0.09724608063697815,-0.19354629516601562,0.0003,0.0003,0.09725029766559601
,,,,,47994,1000.0,1000,,,,,,,,,,
,,,,,48000,,,-90.29199981689453,-0.9368615746498108,5.860912322998047,89.34392547607422,89.3874740600586,0.09890683740377426,-0.14410355687141418,0.0003,0.0003,0.09891103208065033
,,,,,48994,1000.0,1000,,,,,,,,,,
,,,,,49000,,,-92.56975555419922,-1.0761158466339111,10.850730895996094,89.01578521728516,89.10453033447266,0.10027852654457092,-0.011063344776630402,0.0003,0.0003,0.1002819687128067
,,,,,49994,1000.0,1000,,,,,,,,,,
