Eval_AverageReturn,Eval_StdReturn,Eval_MaxReturn,Eval_MinReturn,Eval_AverageEpLen,step,Train_EpisodeReturn,Train_EpisodeLen
8.1,4.0112343,15.0,3.0,8.1,0,,
,,,,,10,11.0,11
,,,,,26,16.0,16
,,,,,31,5.0,5
,,,,,35,4.0,4
,,,,,38,3.0,3
,,,,,41,3.0,3
,,,,,44,3.0,3
,,,,,47,3.0,3
,,,,,60,13.0,13
,,,,,63,3.0,3
,,,,,67,4.0,4
,,,,,71,4.0,4
,,,,,75,4.0,4
,,,,,78,3.0,3
,,,,,85,7.0,7
,,,,,102,17.0,17
,,,,,105,3.0,3
,,,,,111,6.0,6
,,,,,121,10.0,10
,,,,,129,8.0,8
,,,,,135,6.0,6
,,,,,138,3.0,3
,,,,,146,8.0,8
,,,,,150,4.0,4
,,,,,154,4.0,4
,,,,,157,3.0,3
,,,,,166,9.0,9
,,,,,169,3.0,3
,,,,,176,7.0,7
,,,,,194,18.0,18
,,,,,198,4.0,4
,,,,,201,3.0,3
,,,,,209,8.0,8
,,,,,212,3.0,3
,,,,,218,6.0,6
,,,,,224,6.0,6
,,,,,230,6.0,6
,,,,,233,3.0,3
,,,,,237,4.0,4
,,,,,244,7.0,7
,,,,,250,6.0,6
,,,,,254,4.0,4
,,,,,258,4.0,4
,,,,,266,8.0,8
,,,,,269,3.0,3
,,,,,275,6.0,6
,,,,,278,3.0,3
,,,,,281,3.0,3
,,,,,287,6.0,6
,,,,,293,6.0,6
,,,,,297,4.0,4
,,,,,302,5.0,5
,,,,,306,4.0,4
,,,,,317,11.0,11
,,,,,320,3.0,3
,,,,,326,6.0,6
,,,,,332,6.0,6
,,,,,336,4.0,4
,,,,,340,4.0,4
,,,,,344,4.0,4
,,,,,352,8.0,8
,,,,,365,13.0,13
,,,,,368,3.0,3
,,,,,372,4.0,4
,,,,,375,3.0,3
,,,,,378,3.0,3
,,,,,382,4.0,4
,,,,,388,6.0,6
,,,,,392,4.0,4
,,,,,402,10.0,10
,,,,,408,6.0,6
,,,,,415,7.0,7
,,,,,419,4.0,4
,,,,,430,11.0,11
,,,,,437,7.0,7
,,,,,448,11.0,11
,,,,,452,4.0,4
,,,,,457,5.0,5
,,,,,464,7.0,7
,,,,,473,9.0,9
,,,,,484,11.0,11
,,,,,489,5.0,5
,,,,,497,8.0,8
,,,,,502,5.0,5
,,,,,507,5.0,5
,,,,,511,4.0,4
,,,,,514,3.0,3
,,,,,519,5.0,5
,,,,,522,3.0,3
,,,,,526,4.0,4
,,,,,533,7.0,7
,,,,,543,10.0,10
,,,,,547,4.0,4
,,,,,564,17.0,17
,,,,,572,8.0,8
,,,,,575,3.0,3
,,,,,591,16.0,16
,,,,,596,5.0,5
,,,,,602,6.0,6
,,,,,605,3.0,3
,,,,,616,11.0,11
,,,,,619,3.0,3
,,,,,627,8.0,8
,,,,,633,6.0,6
,,,,,636,3.0,3
,,,,,640,4.0,4
,,,,,653,13.0,13
,,,,,668,15.0,15
,,,,,673,5.0,5
,,,,,678,5.0,5
,,,,,682,4.0,4
,,,,,686,4.0,4
,,,,,689,3.0,3
,,,,,693,4.0,4
,,,,,697,4.0,4
,,,,,705,8.0,8
,,,,,708,3.0,3
,,,,,711,3.0,3
,,,,,717,6.0,6
,,,,,720,3.0,3
,,,,,728,8.0,8
,,,,,733,5.0,5
,,,,,738,5.0,5
,,,,,746,8.0,8
,,,,,753,7.0,7
,,,,,757,4.0,4
,,,,,765,8.0,8
,,,,,775,10.0,10
,,,,,779,4.0,4
,,,,,784,5.0,5
,,,,,789,5.0,5
,,,,,793,4.0,4
,,,,,797,4.0,4
,,,,,804,7.0,7
,,,,,809,5.0,5
,,,,,814,5.0,5
,,,,,821,7.0,7
,,,,,829,8.0,8
,,,,,838,9.0,9
,,,,,842,4.0,4
,,,,,847,5.0,5
,,,,,850,3.0,3
,,,,,853,3.0,3
,,,,,861,8.0,8
,,,,,876,15.0,15
,,,,,880,4.0,4
,,,,,883,3.0,3
,,,,,886,3.0,3
,,,,,890,4.0,4
,,,,,894,4.0,4
,,,,,903,9.0,9
,,,,,910,7.0,7
,,,,,917,7.0,7
,,,,,920,3.0,3
,,,,,923,3.0,3
,,,,,929,6.0,6
,,,,,932,3.0,3
,,,,,939,7.0,7
,,,,,942,3.0,3
,,,,,946,4.0,4
,,,,,952,6.0,6
,,,,,956,4.0,4
,,,,,960,4.0,4
,,,,,965,5.0,5
,,,,,970,5.0,5
,,,,,975,5.0,5
,,,,,987,12.0,12
,,,,,993,6.0,6
,,,,,1003,10.0,10
,,,,,1008,5.0,5
,,,,,1013,5.0,5
,,,,,1016,3.0,3
,,,,,1024,8.0,8
,,,,,1028,4.0,4
,,,,,1032,4.0,4
,,,,,1049,17.0,17
,,,,,1053,4.0,4
,,,,,1056,3.0,3
,,,,,1060,4.0,4
,,,,,1064,4.0,4
,,,,,1069,5.0,5
,,,,,1075,6.0,6
,,,,,1079,4.0,4
,,,,,1094,15.0,15
,,,,,1101,7.0,7
,,,,,1104,3.0,3
,,,,,1111,7.0,7
,,,,,1118,7.0,7
,,,,,1125,7.0,7
,,,,,1136,11.0,11
,,,,,1139,3.0,3
,,,,,1142,3.0,3
,,,,,1145,3.0,3
,,,,,1152,7.0,7
,,,,,1155,3.0,3
,,,,,1158,3.0,3
,,,,,1162,4.0,4
,,,,,1167,5.0,5
,,,,,1170,3.0,3
,,,,,1174,4.0,4
,,,,,1177,3.0,3
,,,,,1186,9.0,9
,,,,,1195,9.0,9
,,,,,1205,10.0,10
,,,,,1216,11.0,11
,,,,,1229,13.0,13
,,,,,1234,5.0,5
,,,,,1253,19.0,19
,,,,,1287,34.0,34
,,,,,1292,5.0,5
,,,,,1296,4.0,4
,,,,,1303,7.0,7
,,,,,1307,4.0,4
,,,,,1315,8.0,8
,,,,,1325,10.0,10
,,,,,1330,5.0,5
,,,,,1339,9.0,9
,,,,,1344,5.0,5
,,,,,1350,6.0,6
,,,,,1353,3.0,3
,,,,,1361,8.0,8
,,,,,1364,3.0,3
,,,,,1373,9.0,9
,,,,,1390,17.0,17
,,,,,1396,6.0,6
,,,,,1406,10.0,10
,,,,,1420,14.0,14
,,,,,1426,6.0,6
,,,,,1436,10.0,10
,,,,,1439,3.0,3
,,,,,1444,5.0,5
,,,,,1448,4.0,4
,,,,,1458,10.0,10
,,,,,1464,6.0,6
,,,,,1467,3.0,3
,,,,,1470,3.0,3
,,,,,1474,4.0,4
,,,,,1478,4.0,4
,,,,,1481,3.0,3
,,,,,1501,20.0,20
,,,,,1509,8.0,8
,,,,,1514,5.0,5
,,,,,1525,11.0,11
,,,,,1531,6.0,6
,,,,,1537,6.0,6
,,,,,1544,7.0,7
,,,,,1547,3.0,3
,,,,,1560,13.0,13
,,,,,1572,12.0,12
,,,,,1575,3.0,3
,,,,,1584,9.0,9
,,,,,1589,5.0,5
,,,,,1592,3.0,3
,,,,,1595,3.0,3
,,,,,1601,6.0,6
,,,,,1606,5.0,5
,,,,,1610,4.0,4
,,,,,1624,14.0,14
,,,,,1640,16.0,16
,,,,,1645,5.0,5
,,,,,1650,5.0,5
,,,,,1655,5.0,5
,,,,,1660,5.0,5
,,,,,1671,11.0,11
,,,,,1677,6.0,6
,,,,,1685,8.0,8
,,,,,1690,5.0,5
,,,,,1695,5.0,5
,,,,,1715,20.0,20
,,,,,1718,3.0,3
,,,,,1725,7.0,7
,,,,,1728,3.0,3
,,,,,1731,3.0,3
,,,,,1736,5.0,5
,,,,,1741,5.0,5
,,,,,1748,7.0,7
,,,,,1752,4.0,4
,,,,,1757,5.0,5
,,,,,1760,3.0,3
,,,,,1767,7.0,7
,,,,,1780,13.0,13
,,,,,1786,6.0,6
,,,,,1790,4.0,4
,,,,,1794,4.0,4
,,,,,1798,4.0,4
,,,,,1805,7.0,7
,,,,,1810,5.0,5
,,,,,1813,3.0,3
,,,,,1821,8.0,8
,,,,,1838,17.0,17
,,,,,1845,7.0,7
,,,,,1848,3.0,3
,,,,,1854,6.0,6
,,,,,1862,8.0,8
,,,,,1877,15.0,15
,,,,,1882,5.0,5
,,,,,1894,12.0,12
,,,,,1897,3.0,3
,,,,,1901,4.0,4
,,,,,1912,11.0,11
,,,,,1919,7.0,7
,,,,,1924,5.0,5
,,,,,1927,3.0,3
,,,,,1935,8.0,8
,,,,,1945,10.0,10
,,,,,1952,7.0,7
,,,,,1956,4.0,4
,,,,,1959,3.0,3
,,,,,1977,18.0,18
,,,,,1980,3.0,3
,,,,,1992,12.0,12
,,,,,1996,4.0,4
,,,,,2000,4.0,4
,,,,,2004,4.0,4
,,,,,2012,8.0,8
,,,,,2016,4.0,4
,,,,,2025,9.0,9
,,,,,2039,14.0,14
,,,,,2044,5.0,5
,,,,,2055,11.0,11
,,,,,2063,8.0,8
,,,,,2067,4.0,4
,,,,,2079,12.0,12
,,,,,2082,3.0,3
,,,,,2085,3.0,3
,,,,,2092,7.0,7
,,,,,2103,11.0,11
,,,,,2108,5.0,5
,,,,,2116,8.0,8
,,,,,2123,7.0,7
,,,,,2139,16.0,16
,,,,,2143,4.0,4
,,,,,2150,7.0,7
,,,,,2159,9.0,9
,,,,,2166,7.0,7
,,,,,2172,6.0,6
,,,,,2186,14.0,14
,,,,,2190,4.0,4
,,,,,2195,5.0,5
,,,,,2201,6.0,6
,,,,,2207,6.0,6
,,,,,2212,5.0,5
,,,,,2223,11.0,11
,,,,,2230,7.0,7
,,,,,2243,13.0,13
,,,,,2246,3.0,3
,,,,,2254,8.0,8
,,,,,2259,5.0,5
,,,,,2262,3.0,3
,,,,,2273,11.0,11
,,,,,2276,3.0,3
,,,,,2281,5.0,5
,,,,,2293,12.0,12
,,,,,2296,3.0,3
,,,,,2301,5.0,5
,,,,,2309,8.0,8
,,,,,2317,8.0,8
,,,,,2328,11.0,11
,,,,,2339,11.0,11
,,,,,2345,6.0,6
,,,,,2350,5.0,5
,,,,,2354,4.0,4
,,,,,2366,12.0,12
,,,,,2376,10.0,10
,,,,,2388,12.0,12
,,,,,2394,6.0,6
,,,,,2401,7.0,7
,,,,,2407,6.0,6
,,,,,2411,4.0,4
,,,,,2418,7.0,7
,,,,,2422,4.0,4
,,,,,2427,5.0,5
,,,,,2431,4.0,4
,,,,,2444,13.0,13
,,,,,2454,10.0,10
,,,,,2457,3.0,3
,,,,,2465,8.0,8
,,,,,2469,4.0,4
,,,,,2474,5.0,5
,,,,,2478,4.0,4
,,,,,2483,5.0,5
,,,,,2487,4.0,4
,,,,,2493,6.0,6
,,,,,2498,5.0,5
,,,,,2508,10.0,10
,,,,,2515,7.0,7
,,,,,2527,12.0,12
,,,,,2534,7.0,7
,,,,,2537,3.0,3
,,,,,2549,12.0,12
,,,,,2559,10.0,10
,,,,,2563,4.0,4
,,,,,2570,7.0,7
,,,,,2574,4.0,4
,,,,,2579,5.0,5
,,,,,2585,6.0,6
,,,,,2589,4.0,4
,,,,,2599,10.0,10
,,,,,2604,5.0,5
,,,,,2613,9.0,9
,,,,,2618,5.0,5
,,,,,2625,7.0,7
,,,,,2629,4.0,4
,,,,,2647,18.0,18
,,,,,2651,4.0,4
,,,,,2654,3.0,3
,,,,,2658,4.0,4
,,,,,2664,6.0,6
,,,,,2668,4.0,4
,,,,,2681,13.0,13
,,,,,2689,8.0,8
,,,,,2694,5.0,5
,,,,,2698,4.0,4
,,,,,2702,4.0,4
,,,,,2713,11.0,11
,,,,,2727,14.0,14
,,,,,2737,10.0,10
,,,,,2763,26.0,26
,,,,,2767,4.0,4
,,,,,2773,6.0,6
,,,,,2781,8.0,8
,,,,,2788,7.0,7
,,,,,2798,10.0,10
,,,,,2809,11.0,11
,,,,,2826,17.0,17
,,,,,2830,4.0,4
,,,,,2834,4.0,4
,,,,,2837,3.0,3
,,,,,2840,3.0,3
,,,,,2844,4.0,4
,,,,,2853,9.0,9
,,,,,2864,11.0,11
,,,,,2869,5.0,5
,,,,,2875,6.0,6
,,,,,2879,4.0,4
,,,,,2882,3.0,3
,,,,,2897,15.0,15
,,,,,2912,15.0,15
,,,,,2915,3.0,3
,,,,,2919,4.0,4
,,,,,2925,6.0,6
,,,,,2943,18.0,18
,,,,,2951,8.0,8
,,,,,2963,12.0,12
,,,,,2971,8.0,8
,,,,,2975,4.0,4
,,,,,2982,7.0,7
,,,,,2988,6.0,6
,,,,,2995,7.0,7
,,,,,3003,8.0,8
,,,,,3007,4.0,4
,,,,,3027,20.0,20
,,,,,3034,7.0,7
,,,,,3040,6.0,6
,,,,,3045,5.0,5
,,,,,3052,7.0,7
,,,,,3060,8.0,8
,,,,,3066,6.0,6
,,,,,3070,4.0,4
,,,,,3074,4.0,4
,,,,,3086,12.0,12
,,,,,3090,4.0,4
,,,,,3094,4.0,4
,,,,,3097,3.0,3
,,,,,3110,13.0,13
,,,,,3113,3.0,3
,,,,,3117,4.0,4
,,,,,3120,3.0,3
,,,,,3124,4.0,4
,,,,,3127,3.0,3
,,,,,3131,4.0,4
,,,,,3135,4.0,4
,,,,,3144,9.0,9
,,,,,3148,4.0,4
,,,,,3154,6.0,6
,,,,,3158,4.0,4
,,,,,3166,8.0,8
,,,,,3171,5.0,5
,,,,,3181,10.0,10
,,,,,3185,4.0,4
,,,,,3189,4.0,4
,,,,,3194,5.0,5
,,,,,3198,4.0,4
,,,,,3201,3.0,3
,,,,,3205,4.0,4
,,,,,3214,9.0,9
,,,,,3220,6.0,6
,,,,,3226,6.0,6
,,,,,3229,3.0,3
,,,,,3234,5.0,5
,,,,,3241,7.0,7
,,,,,3253,12.0,12
,,,,,3258,5.0,5
,,,,,3267,9.0,9
,,,,,3273,6.0,6
,,,,,3279,6.0,6
,,,,,3287,8.0,8
,,,,,3296,9.0,9
,,,,,3299,3.0,3
,,,,,3303,4.0,4
,,,,,3310,7.0,7
,,,,,3313,3.0,3
,,,,,3322,9.0,9
,,,,,3328,6.0,6
,,,,,3332,4.0,4
,,,,,3339,7.0,7
,,,,,3342,3.0,3
,,,,,3352,10.0,10
,,,,,3360,8.0,8
,,,,,3367,7.0,7
,,,,,3371,4.0,4
,,,,,3375,4.0,4
,,,,,3378,3.0,3
,,,,,3390,12.0,12
,,,,,3396,6.0,6
,,,,,3415,19.0,19
,,,,,3418,3.0,3
,,,,,3427,9.0,9
,,,,,3435,8.0,8
,,,,,3448,13.0,13
,,,,,3458,10.0,10
,,,,,3464,6.0,6
,,,,,3468,4.0,4
,,,,,3473,5.0,5
,,,,,3490,17.0,17
,,,,,3495,5.0,5
,,,,,3501,6.0,6
,,,,,3513,12.0,12
,,,,,3523,10.0,10
,,,,,3528,5.0,5
,,,,,3533,5.0,5
,,,,,3538,5.0,5
,,,,,3542,4.0,4
,,,,,3552,10.0,10
,,,,,3556,4.0,4
,,,,,3566,10.0,10
,,,,,3582,16.0,16
,,,,,3585,3.0,3
,,,,,3593,8.0,8
,,,,,3607,14.0,14
,,,,,3611,4.0,4
,,,,,3618,7.0,7
,,,,,3627,9.0,9
,,,,,3638,11.0,11
,,,,,3645,7.0,7
,,,,,3649,4.0,4
,,,,,3653,4.0,4
,,,,,3658,5.0,5
,,,,,3662,4.0,4
,,,,,3667,5.0,5
,,,,,3670,3.0,3
,,,,,3676,6.0,6
,,,,,3688,12.0,12
,,,,,3698,10.0,10
,,,,,3713,15.0,15
,,,,,3723,10.0,10
,,,,,3730,7.0,7
,,,,,3749,19.0,19
,,,,,3754,5.0,5
,,,,,3764,10.0,10
,,,,,3769,5.0,5
,,,,,3774,5.0,5
,,,,,3778,4.0,4
,,,,,3789,11.0,11
,,,,,3793,4.0,4
,,,,,3808,15.0,15
,,,,,3812,4.0,4
,,,,,3818,6.0,6
,,,,,3823,5.0,5
,,,,,3828,5.0,5
,,,,,3831,3.0,3
,,,,,3837,6.0,6
,,,,,3842,5.0,5
,,,,,3845,3.0,3
,,,,,3868,23.0,23
,,,,,3873,5.0,5
,,,,,3877,4.0,4
,,,,,3882,5.0,5
,,,,,3886,4.0,4
,,,,,3901,15.0,15
,,,,,3910,9.0,9
,,,,,3915,5.0,5
,,,,,3924,9.0,9
,,,,,3932,8.0,8
,,,,,3941,9.0,9
,,,,,3946,5.0,5
,,,,,3957,11.0,11
,,,,,3960,3.0,3
,,,,,3966,6.0,6
,,,,,3974,8.0,8
,,,,,3983,9.0,9
,,,,,3988,5.0,5
,,,,,3994,6.0,6
,,,,,3999,5.0,5
,,,,,4003,4.0,4
,,,,,4008,5.0,5
,,,,,4021,13.0,13
,,,,,4029,8.0,8
,,,,,4032,3.0,3
,,,,,4049,17.0,17
,,,,,4057,8.0,8
,,,,,4061,4.0,4
,,,,,4076,15.0,15
,,,,,4082,6.0,6
,,,,,4086,4.0,4
,,,,,4103,17.0,17
,,,,,4107,4.0,4
,,,,,4112,5.0,5
,,,,,4116,4.0,4
,,,,,4121,5.0,5
,,,,,4135,14.0,14
,,,,,4139,4.0,4
,,,,,4148,9.0,9
,,,,,4157,9.0,9
,,,,,4162,5.0,5
,,,,,4168,6.0,6
,,,,,4171,3.0,3
,,,,,4175,4.0,4
,,,,,4190,15.0,15
,,,,,4206,16.0,16
,,,,,4222,16.0,16
,,,,,4229,7.0,7
,,,,,4233,4.0,4
,,,,,4237,4.0,4
,,,,,4245,8.0,8
,,,,,4254,9.0,9
,,,,,4268,14.0,14
,,,,,4274,6.0,6
,,,,,4280,6.0,6
,,,,,4289,9.0,9
,,,,,4302,13.0,13
,,,,,4310,8.0,8
,,,,,4315,5.0,5
,,,,,4321,6.0,6
,,,,,4325,4.0,4
,,,,,4335,10.0,10
,,,,,4339,4.0,4
,,,,,4344,5.0,5
,,,,,4347,3.0,3
,,,,,4350,3.0,3
,,,,,4353,3.0,3
,,,,,4357,4.0,4
,,,,,4361,4.0,4
,,,,,4365,4.0,4
,,,,,4374,9.0,9
,,,,,4381,7.0,7
,,,,,4385,4.0,4
,,,,,4393,8.0,8
,,,,,4397,4.0,4
,,,,,4402,5.0,5
,,,,,4406,4.0,4
,,,,,4417,11.0,11
,,,,,4423,6.0,6
,,,,,4427,4.0,4
,,,,,4432,5.0,5
,,,,,4437,5.0,5
,,,,,4441,4.0,4
,,,,,4447,6.0,6
,,,,,4453,6.0,6
,,,,,4458,5.0,5
,,,,,4462,4.0,4
,,,,,4467,5.0,5
,,,,,4477,10.0,10
,,,,,4483,6.0,6
,,,,,4488,5.0,5
,,,,,4504,16.0,16
,,,,,4507,3.0,3
,,,,,4510,3.0,3
,,,,,4517,7.0,7
,,,,,4524,7.0,7
,,,,,4527,3.0,3
,,,,,4531,4.0,4
,,,,,4535,4.0,4
,,,,,4540,5.0,5
,,,,,4550,10.0,10
,,,,,4555,5.0,5
,,,,,4559,4.0,4
,,,,,4572,13.0,13
,,,,,4578,6.0,6
,,,,,4585,7.0,7
,,,,,4598,13.0,13
,,,,,4602,4.0,4
,,,,,4607,5.0,5
,,,,,4611,4.0,4
,,,,,4617,6.0,6
,,,,,4635,18.0,18
,,,,,4651,16.0,16
,,,,,4657,6.0,6
,,,,,4666,9.0,9
,,,,,4671,5.0,5
,,,,,4675,4.0,4
,,,,,4680,5.0,5
,,,,,4683,3.0,3
,,,,,4687,4.0,4
,,,,,4691,4.0,4
,,,,,4700,9.0,9
,,,,,4705,5.0,5
,,,,,4716,11.0,11
,,,,,4720,4.0,4
,,,,,4725,5.0,5
,,,,,4733,8.0,8
,,,,,4740,7.0,7
,,,,,4747,7.0,7
,,,,,4751,4.0,4
,,,,,4775,24.0,24
,,,,,4796,21.0,21
,,,,,4801,5.0,5
,,,,,4805,4.0,4
,,,,,4808,3.0,3
,,,,,4816,8.0,8
,,,,,4821,5.0,5
,,,,,4837,16.0,16
,,,,,4841,4.0,4
,,,,,4846,5.0,5
,,,,,4851,5.0,5
,,,,,4857,6.0,6
,,,,,4863,6.0,6
,,,,,4873,10.0,10
,,,,,4879,6.0,6
,,,,,4886,7.0,7
,,,,,4891,5.0,5
,,,,,4900,9.0,9
,,,,,4904,4.0,4
,,,,,4911,7.0,7
,,,,,4916,5.0,5
,,,,,4919,3.0,3
,,,,,4922,3.0,3
,,,,,4928,6.0,6
,,,,,4931,3.0,3
,,,,,4942,11.0,11
,,,,,4945,3.0,3
,,,,,4948,3.0,3
,,,,,4957,9.0,9
,,,,,4962,5.0,5
,,,,,4967,5.0,5
,,,,,4972,5.0,5
,,,,,4982,10.0,10
,,,,,4990,8.0,8
,,,,,4994,4.0,4
